"PID","MS.SubClass","MS.Zoning","Lot.Frontage","Lot.Area","Street","Alley","Lot.Shape","Land.Contour","Utilities","Lot.Config","Land.Slope","Neighborhood","Condition.1","Condition.2","Bldg.Type","House.Style","Overall.Qual","Overall.Cond","Year.Built","Year.Remod.Add","Roof.Style","Roof.Matl","Exterior.1st","Exterior.2nd","Mas.Vnr.Type","Mas.Vnr.Area","Exter.Qual","Exter.Cond","Foundation","Bsmt.Qual","Bsmt.Cond","Bsmt.Exposure","BsmtFin.Type.1","BsmtFin.SF.1","BsmtFin.Type.2","BsmtFin.SF.2","Bsmt.Unf.SF","Total.Bsmt.SF","Heating","Heating.QC","Central.Air","Electrical","X1st.Flr.SF","X2nd.Flr.SF","Low.Qual.Fin.SF","Gr.Liv.Area","Bsmt.Full.Bath","Bsmt.Half.Bath","Full.Bath","Half.Bath","Bedroom.AbvGr","Kitchen.AbvGr","Kitchen.Qual","TotRms.AbvGrd","Functional","Fireplaces","Fireplace.Qu","Garage.Type","Garage.Finish","Garage.Cars","Garage.Area","Garage.Qual","Garage.Cond","Paved.Drive","Wood.Deck.SF","Open.Porch.SF","Enclosed.Porch","X3Ssn.Porch","Screen.Porch","Pool.Area","Pool.QC","Fence","Misc.Feature","Misc.Val","Mo.Sold","Yr.Sold","Sale.Type","Sale.Condition","SalePrice","Garage.Age"
526301100,20,"RL",141,31770,"Pave","None","IR1","Lvl","AllPub","Corner","Gtl","NAmes","Norm","Norm","1Fam","1Story",6,5,1960,1960,"Hip","CompShg","BrkFace","Plywood","Stone",112,"TA","TA","CBlock","TA","Gd","Gd","BLQ",639,"Unf",0,441,1080,"GasA","Fa","Y","SBrkr",1656,0,0,1656,1,0,1,0,3,1,"TA",7,"Typ",2,"Gd","Attchd","Fin",2,528,"TA","TA","P",210,62,0,0,0,0,"No","No","No",0,5,2010,"WD ","Normal",215000,50
527105010,60,"RL",74,13830,"Pave","None","IR1","Lvl","AllPub","Inside","Gtl","Gilbert","Norm","Norm","1Fam","2Story",5,5,1997,1998,"Gable","CompShg","VinylSd","VinylSd","None",0,"TA","TA","PConc","Gd","TA","No","GLQ",791,"Unf",0,137,928,"GasA","Gd","Y","SBrkr",928,701,0,1629,0,0,2,1,3,1,"TA",6,"Typ",1,"TA","Attchd","Fin",2,482,"TA","TA","Y",212,34,0,0,0,0,"No","MnPrv","No",0,3,2010,"WD ","Normal",189900,13
527105030,60,"RL",78,9978,"Pave","None","IR1","Lvl","AllPub","Inside","Gtl","Gilbert","Norm","Norm","1Fam","2Story",6,6,1998,1998,"Gable","CompShg","VinylSd","VinylSd","BrkFace",20,"TA","TA","PConc","TA","TA","No","GLQ",602,"Unf",0,324,926,"GasA","Ex","Y","SBrkr",926,678,0,1604,0,0,2,1,3,1,"Gd",7,"Typ",1,"Gd","Attchd","Fin",2,470,"TA","TA","Y",360,36,0,0,0,0,"No","No","No",0,6,2010,"WD ","Normal",195500,12
527127150,120,"RL",41,4920,"Pave","None","Reg","Lvl","AllPub","Inside","Gtl","StoneBr","Norm","Norm","TwnhsE","1Story",8,5,2001,2001,"Gable","CompShg","CemntBd","CmentBd","None",0,"Gd","TA","PConc","Gd","TA","Mn","GLQ",616,"Unf",0,722,1338,"GasA","Ex","Y","SBrkr",1338,0,0,1338,1,0,2,0,2,1,"Gd",6,"Typ",0,"No","Attchd","Fin",2,582,"TA","TA","Y",0,0,170,0,0,0,"No","No","No",0,4,2010,"WD ","Normal",213500,9
527146030,120,"RL",39,5389,"Pave","None","IR1","Lvl","AllPub","Inside","Gtl","StoneBr","Norm","Norm","TwnhsE","1Story",8,5,1995,1996,"Gable","CompShg","CemntBd","CmentBd","None",0,"Gd","TA","PConc","Gd","TA","No","GLQ",1180,"Unf",0,415,1595,"GasA","Ex","Y","SBrkr",1616,0,0,1616,1,0,2,0,2,1,"Gd",5,"Typ",1,"TA","Attchd","RFn",2,608,"TA","TA","Y",237,152,0,0,0,0,"No","No","No",0,3,2010,"WD ","Normal",236500,15
527162130,60,"RL",60,7500,"Pave","None","Reg","Lvl","AllPub","Inside","Gtl","Gilbert","Norm","Norm","1Fam","2Story",7,5,1999,1999,"Gable","CompShg","VinylSd","VinylSd","None",0,"TA","TA","PConc","TA","TA","No","Unf",0,"Unf",0,994,994,"GasA","Gd","Y","SBrkr",1028,776,0,1804,0,0,2,1,3,1,"Gd",7,"Typ",1,"TA","Attchd","Fin",2,442,"TA","TA","Y",140,60,0,0,0,0,"No","No","No",0,6,2010,"WD ","Normal",189000,11
527166040,60,"RL",63,8402,"Pave","None","IR1","Lvl","AllPub","Inside","Gtl","Gilbert","Norm","Norm","1Fam","2Story",6,5,1998,1998,"Gable","CompShg","VinylSd","VinylSd","None",0,"TA","TA","PConc","Gd","TA","No","Unf",0,"Unf",0,789,789,"GasA","Gd","Y","SBrkr",789,676,0,1465,0,0,2,1,3,1,"TA",7,"Typ",1,"Gd","Attchd","Fin",2,393,"TA","TA","Y",0,75,0,0,0,0,"No","No","No",0,5,2010,"WD ","Normal",180400,12
527258010,20,"RL",88,11394,"Pave","None","Reg","Lvl","AllPub","Corner","Gtl","StoneBr","Norm","Norm","1Fam","1Story",9,2,2010,2010,"Hip","CompShg","VinylSd","VinylSd","Stone",350,"Gd","TA","PConc","Ex","TA","Av","GLQ",1445,"Unf",0,411,1856,"GasA","Ex","Y","SBrkr",1856,0,0,1856,1,0,1,1,1,1,"Ex",8,"Typ",1,"Ex","Attchd","Fin",3,834,"TA","TA","Y",113,0,0,0,0,0,"No","No","No",0,6,2010,"New","Partial",394432,0
527276150,20,"RL",140,19138,"Pave","None","Reg","Lvl","AllPub","Corner","Gtl","Gilbert","Norm","Norm","1Fam","1Story",4,5,1951,1951,"Gable","CompShg","VinylSd","VinylSd","None",0,"TA","TA","CBlock","TA","TA","No","LwQ",120,"Unf",0,744,864,"GasA","Ex","Y","SBrkr",864,0,0,864,0,0,1,0,2,1,"TA",4,"Typ",0,"No","Detchd","Unf",2,400,"TA","TA","Y",0,0,0,0,0,0,"No","No","No",0,6,2010,"WD ","Normal",141000,59
527302110,20,"RL",85,13175,"Pave","None","Reg","Lvl","AllPub","Inside","Gtl","NWAmes","Norm","Norm","1Fam","1Story",6,6,1978,1988,"Gable","CompShg","Plywood","Plywood","Stone",119,"TA","TA","CBlock","Gd","TA","No","ALQ",790,"Rec",163,589,1542,"GasA","TA","Y","SBrkr",2073,0,0,2073,1,0,2,0,3,1,"TA",7,"Min1",2,"TA","Attchd","Unf",2,500,"TA","TA","Y",349,0,0,0,0,0,"No","MnPrv","No",0,2,2010,"WD ","Normal",210000,32
527358140,20,"RL",105,11751,"Pave","None","IR1","Lvl","AllPub","Inside","Gtl","NWAmes","Norm","Norm","1Fam","1Story",6,6,1977,1977,"Hip","CompShg","Plywood","Plywood","BrkFace",480,"TA","TA","CBlock","Gd","TA","No","BLQ",705,"Unf",0,1139,1844,"GasA","Ex","Y","SBrkr",1844,0,0,1844,0,0,2,0,3,1,"TA",7,"Typ",1,"TA","Attchd","RFn",2,546,"TA","TA","Y",0,122,0,0,0,0,"No","MnPrv","No",0,1,2010,"COD","Normal",190000,33
527358200,85,"RL",85,10625,"Pave","None","Reg","Lvl","AllPub","Inside","Gtl","NWAmes","Norm","Norm","1Fam","SFoyer",7,6,1974,1974,"Gable","CompShg","Plywood","Plywood","BrkFace",81,"TA","TA","CBlock","Gd","TA","Gd","GLQ",885,"LwQ",168,0,1053,"GasA","TA","Y","SBrkr",1173,0,0,1173,1,0,2,0,3,1,"Gd",6,"Typ",2,"TA","Attchd","RFn",2,528,"TA","TA","Y",0,120,0,0,0,0,"No","MnPrv","No",0,1,2010,"WD ","Family",170000,36
527403020,20,"RL",65,8450,"Pave","None","Reg","Lvl","AllPub","Inside","Gtl","NAmes","Norm","Norm","1Fam","1Story",5,6,1968,1968,"Gable","CompShg","VinylSd","VinylSd","None",0,"TA","TA","CBlock","TA","TA","No","BLQ",775,"Unf",0,281,1056,"GasA","Ex","Y","SBrkr",1056,0,0,1056,1,0,1,0,3,1,"TA",6,"Typ",1,"Fa","Attchd","Unf",1,304,"TA","TA","Y",0,85,184,0,0,0,"No","No","No",0,7,2010,"WD ","Normal",142000,42
527404120,20,"RL",70,8400,"Pave","None","Reg","Lvl","AllPub","Corner","Gtl","NAmes","Norm","Norm","1Fam","1Story",4,5,1970,1970,"Gable","CompShg","Plywood","Plywood","None",0,"TA","TA","CBlock","TA","TA","No","ALQ",804,"Rec",78,0,882,"GasA","TA","Y","SBrkr",882,0,0,882,1,0,1,0,2,1,"TA",4,"Typ",0,"No","Attchd","Fin",2,525,"TA","TA","Y",240,0,0,0,0,0,"No","MnPrv","No",0,4,2010,"WD ","Normal",126000,40
527427230,120,"RH",26,5858,"Pave","None","IR1","Lvl","AllPub","FR2","Gtl","NAmes","Norm","Norm","TwnhsE","1Story",7,5,1999,1999,"Gable","CompShg","MetalSd","MetalSd","None",0,"Gd","TA","PConc","Gd","TA","No","GLQ",1051,"BLQ",0,354,1405,"GasA","Ex","Y","SBrkr",1337,0,0,1337,1,0,2,0,2,1,"Gd",5,"Typ",1,"Fa","Attchd","Fin",2,511,"TA","TA","Y",203,68,0,0,0,0,"No","No","No",0,6,2010,"WD ","Normal",184000,11
527451330,160,"RM",21,1680,"Pave","None","Reg","Lvl","AllPub","Inside","Gtl","BrDale","Norm","Norm","Twnhs","2Story",5,5,1971,1971,"Gable","CompShg","HdBoard","HdBoard","BrkFace",492,"TA","TA","CBlock","TA","TA","No","Rec",300,"Unf",0,225,525,"GasA","TA","Y","SBrkr",525,567,0,1092,0,0,1,1,3,1,"TA",6,"Typ",0,"No","Detchd","Unf",1,320,"TA","TA","Y",0,0,0,0,0,0,"No","No","No",0,3,2010,"WD ","Normal",105500,13
527452190,120,"RL",53,4043,"Pave","None","Reg","Lvl","AllPub","Inside","Gtl","NPkVill","Norm","Norm","TwnhsE","1Story",6,5,1977,1977,"Gable","CompShg","Plywood","Plywood","None",0,"TA","TA","CBlock","Gd","TA","No","ALQ",360,"Unf",0,709,1069,"GasA","TA","Y","SBrkr",1069,0,0,1069,0,0,2,0,2,1,"TA",4,"Typ",1,"Fa","Attchd","RFn",2,440,"TA","TA","Y",0,55,0,0,165,0,"No","No","No",0,7,2010,"WD ","Normal",127500,33
527453130,160,"RL",24,2280,"Pave","None","Reg","Lvl","AllPub","FR2","Gtl","NPkVill","Norm","Norm","Twnhs","2Story",6,6,1975,1975,"Gable","CompShg","Plywood","Brk Cmn","None",0,"TA","TA","CBlock","TA","TA","No","ALQ",514,"Unf",0,341,855,"GasA","TA","Y","SBrkr",855,601,0,1456,0,0,2,1,3,1,"Gd",6,"Typ",1,"TA","Attchd","Unf",2,440,"TA","TA","Y",173,0,0,0,0,0,"No","No","No",0,6,2010,"WD ","Normal",149900,35
527453150,120,"RL",24,2280,"Pave","None","Reg","Lvl","AllPub","FR2","Gtl","NPkVill","Norm","Norm","Twnhs","1Story",7,6,1975,1975,"Gable","CompShg","Plywood","Brk Cmn","None",0,"TA","TA","CBlock","Gd","TA","No","Unf",0,"Unf",0,836,836,"GasA","Ex","Y","SBrkr",836,0,0,836,0,0,1,0,2,1,"TA",4,"Typ",0,"No","Attchd","Unf",1,308,"TA","TA","Y",0,30,0,0,0,0,"No","No","No",0,6,2010,"WD ","Normal",120000,35
527454200,160,"RL",24,2280,"Pave","None","Reg","Lvl","AllPub","Inside","Gtl","NPkVill","Norm","Norm","Twnhs","2Story",6,5,1978,1978,"Gable","CompShg","Plywood","Brk Cmn","None",0,"TA","TA","CBlock","Gd","TA","No","ALQ",311,"Unf",0,544,855,"GasA","Fa","Y","SBrkr",855,601,0,1456,0,0,2,1,3,1,"TA",7,"Typ",1,"TA","Attchd","Unf",2,440,"TA","TA","Y",26,0,0,0,0,0,"No","No","No",0,7,2010,"WD ","Normal",146000,32
528120100,20,"RL",95,12182,"Pave","None","Reg","Lvl","AllPub","Corner","Gtl","NridgHt","Norm","Norm","1Fam","1Story",7,5,2005,2005,"Gable","CompShg","VinylSd","VinylSd","BrkFace",226,"Gd","TA","PConc","Gd","TA","Mn","BLQ",1201,"Unf",0,340,1541,"GasA","Ex","Y","SBrkr",1541,0,0,1541,0,0,2,0,3,1,"Gd",7,"Typ",1,"Gd","Attchd","RFn",2,532,"TA","TA","Y",0,70,0,0,0,0,"No","No","No",0,5,2010,"New","Partial",220000,5
528120120,20,"RL",90,11520,"Pave","None","Reg","Lvl","AllPub","Inside","Gtl","NridgHt","PosN","Norm","1Fam","1Story",9,5,2005,2005,"Hip","CompShg","VinylSd","VinylSd","BrkFace",615,"Gd","TA","PConc","Ex","TA","No","GLQ",110,"Unf",0,1588,1698,"GasA","Ex","Y","SBrkr",1698,0,0,1698,0,0,2,0,3,1,"Ex",7,"Typ",1,"Gd","Attchd","Fin",3,730,"TA","TA","Y",192,74,0,0,0,0,"No","No","No",0,6,2010,"WD ","Normal",275000,5
528138020,20,"RL",79,14122,"Pave","None","IR1","Lvl","AllPub","Inside","Gtl","NridgHt","Norm","Norm","1Fam","1Story",8,5,2005,2006,"Hip","CompShg","CemntBd","CmentBd","BrkFace",240,"Gd","TA","PConc","Ex","TA","No","GLQ",28,"Unf",0,1794,1822,"GasA","Ex","Y","SBrkr",1822,0,0,1822,0,0,2,0,3,1,"Ex",8,"Typ",1,"Gd","Attchd","RFn",3,678,"TA","TA","Y",0,119,0,0,0,0,"No","No","No",0,2,2010,"WD ","Normal",259000,5
528138060,20,"RL",70,10171,"Pave","None","IR1","Lvl","AllPub","Inside","Gtl","NridgHt","Norm","Norm","1Fam","1Story",7,5,2004,2004,"Gable","CompShg","VinylSd","VinylSd","BrkFace",168,"Gd","TA","PConc","Gd","TA","No","GLQ",2,"Unf",0,1515,1517,"GasA","Ex","Y","SBrkr",1535,0,0,1535,0,0,2,0,3,1,"Gd",7,"Typ",0,"No","Attchd","RFn",2,532,"TA","TA","Y",0,0,0,0,0,0,"No","No","No",0,3,2010,"WD ","Normal",214000,6
528150070,20,"RL",100,12919,"Pave","None","IR1","Lvl","AllPub","Inside","Gtl","NridgHt","Norm","Norm","1Fam","1Story",9,5,2009,2010,"Hip","CompShg","VinylSd","VinylSd","Stone",760,"Ex","TA","PConc","Ex","TA","Gd","GLQ",2188,"Unf",0,142,2330,"GasA","Ex","Y","SBrkr",2364,0,0,2364,1,0,2,1,2,1,"Ex",11,"Typ",2,"Gd","Attchd","Fin",3,820,"TA","TA","Y",0,67,0,0,0,0,"No","No","No",0,3,2010,"New","Partial",611657,1
528176070,60,"RL",105,13650,"Pave","None","Reg","Lvl","AllPub","Corner","Gtl","NridgHt","Norm","Norm","1Fam","2Story",8,5,2002,2002,"Gable","CompShg","VinylSd","VinylSd","BrkFace",232,"Gd","TA","PConc","Gd","TA","Gd","GLQ",578,"Unf",0,1093,1671,"GasA","Ex","Y","SBrkr",1687,563,0,2250,1,0,2,1,3,1,"Gd",7,"Typ",1,"Ex","Attchd","Fin",3,756,"TA","TA","Y",238,130,0,0,0,0,"No","No","No",0,6,2010,"WD ","Normal",320000,8
528180070,120,"RL",61,7658,"Pave","None","Reg","Lvl","AllPub","Inside","Gtl","NridgHt","Norm","Norm","TwnhsE","1Story",9,5,2005,2005,"Hip","CompShg","MetalSd","MetalSd","BrkFace",412,"Ex","TA","PConc","Ex","TA","No","GLQ",456,"Unf",0,1296,1752,"GasA","Ex","Y","SBrkr",1752,0,0,1752,1,0,2,0,2,1,"Ex",6,"Typ",1,"Gd","Attchd","RFn",2,576,"TA","TA","Y",196,82,0,0,0,0,"No","No","No",0,2,2010,"WD ","Normal",319900,5
528181050,120,"RL",41,7132,"Pave","None","IR1","Lvl","AllPub","Inside","Gtl","NridgHt","Norm","Norm","TwnhsE","1Story",8,5,2006,2006,"Gable","CompShg","VinylSd","VinylSd","Stone",178,"Gd","TA","PConc","Gd","TA","Mn","GLQ",24,"Unf",0,1346,1370,"GasA","Ex","Y","SBrkr",1370,0,0,1370,0,0,2,0,2,1,"Gd",6,"Typ",1,"Gd","Attchd","RFn",2,484,"TA","TA","Y",120,49,0,0,0,0,"No","No","No",0,4,2010,"WD ","Normal",205000,4
528188120,160,"RL",36,2628,"Pave","None","Reg","Lvl","AllPub","Inside","Gtl","NridgHt","Norm","Norm","Twnhs","2Story",7,5,2003,2003,"Gable","CompShg","VinylSd","Wd Shng","Stone",106,"Gd","TA","PConc","Gd","TA","No","Unf",0,"Unf",0,764,764,"GasA","Ex","Y","SBrkr",764,862,0,1626,0,0,2,1,2,1,"Gd",6,"Typ",0,"No","BuiltIn","RFn",2,474,"TA","TA","Y",0,27,0,0,0,0,"No","No","No",0,6,2010,"WD ","Normal",175500,7
528231020,80,"RL",67,13300,"Pave","None","IR1","Lvl","AllPub","Inside","Gtl","Gilbert","Norm","Norm","1Fam","SLvl",7,5,2004,2004,"Gable","CompShg","VinylSd","VinylSd","None",0,"Gd","TA","PConc","Gd","TA","No","GLQ",326,"Unf",0,58,384,"GasA","Ex","Y","SBrkr",744,630,0,1374,1,0,2,1,3,1,"Gd",7,"Typ",1,"Gd","BuiltIn","Fin",2,400,"TA","TA","Y",100,0,0,0,0,0,"No","No","No",0,6,2010,"WD ","Normal",184500,6
528240130,60,"RL",63,8577,"Pave","None","IR1","Lvl","AllPub","Inside","Gtl","Gilbert","Norm","Norm","1Fam","2Story",7,5,2004,2004,"Gable","CompShg","VinylSd","VinylSd","None",0,"Gd","TA","PConc","Gd","TA","No","Unf",0,"Unf",0,847,847,"GasA","Ex","Y","SBrkr",847,886,0,1733,0,0,2,1,3,1,"Gd",7,"Typ",1,"Gd","BuiltIn","Fin",2,433,"TA","TA","Y",144,48,0,0,0,0,"No","No","No",0,4,2010,"WD ","Normal",185088,6
528328100,60,"RL",108,14774,"Pave","None","IR1","Lvl","AllPub","Corner","Gtl","NoRidge","Norm","Norm","1Fam","2Story",9,5,1999,1999,"Gable","CompShg","VinylSd","VinylSd","BrkFace",165,"Gd","TA","PConc","Gd","TA","No","Unf",0,"Unf",0,1393,1393,"GasA","Ex","Y","SBrkr",1422,1177,0,2599,0,0,2,1,4,1,"Gd",10,"Typ",1,"TA","BuiltIn","Fin",3,779,"TA","TA","Y",668,30,0,0,0,0,"No","No","No",0,5,2010,"WD ","Normal",333168,11
528358010,20,"RL",59,10593,"Pave","None","IR1","Lvl","AllPub","Inside","Gtl","NoRidge","Norm","Norm","1Fam","1Story",7,5,1996,1996,"Hip","CompShg","VinylSd","VinylSd","BrkFace",338,"Gd","TA","PConc","Gd","TA","No","GLQ",919,"Unf",0,801,1720,"GasA","Ex","Y","SBrkr",1720,0,0,1720,1,0,2,0,3,1,"Gd",7,"Typ",1,"TA","Attchd","Fin",2,527,"TA","TA","Y",240,56,154,0,0,0,"No","No","No",0,3,2010,"WD ","Normal",260400,14
528363130,60,"RL",98,12256,"Pave","None","IR1","Lvl","AllPub","Corner","Gtl","NoRidge","Norm","Norm","1Fam","2Story",8,5,1994,1995,"Gable","CompShg","HdBoard","HdBoard","BrkFace",362,"Gd","TA","PConc","Ex","TA","Av","GLQ",1032,"Unf",0,431,1463,"GasA","Ex","Y","SBrkr",1500,1122,0,2622,1,0,2,1,3,1,"Gd",9,"Typ",2,"TA","Attchd","RFn",2,712,"TA","TA","Y",186,32,0,0,0,0,"No","No","No",0,4,2010,"WD ","Normal",325000,16
528382020,60,"RL",92,11764,"Pave","None","IR1","Lvl","AllPub","CulDSac","Gtl","NoRidge","Norm","Norm","1Fam","2Story",8,7,1999,2007,"Gable","CompShg","VinylSd","VinylSd","BrkFace",348,"Gd","TA","PConc","Gd","TA","No","GLQ",524,"Unf",0,628,1152,"GasA","Ex","Y","SBrkr",1164,1106,0,2270,0,0,2,1,4,1,"Gd",9,"Typ",1,"Gd","Attchd","Fin",3,671,"TA","TA","Y",132,57,0,0,0,0,"No","No","No",0,4,2010,"WD ","Normal",290000,11
528386040,50,"RL",56,14720,"Pave","None","IR1","Lvl","AllPub","CulDSac","Gtl","NoRidge","Norm","Norm","1Fam","1.5Fin",8,5,1995,1996,"Hip","CompShg","VinylSd","VinylSd","BrkFace",579,"Gd","TA","PConc","Gd","TA","Av","GLQ",816,"Unf",0,1217,2033,"GasA","Ex","Y","SBrkr",2053,1185,0,3238,1,0,2,1,4,1,"Gd",9,"Typ",1,"Ex","Attchd","Fin",3,666,"TA","TA","Y",283,86,0,0,0,0,"No","No","No",0,3,2010,"WD ","Normal",410000,14
528456160,20,"FV",92,9215,"Pave","None","Reg","Lvl","AllPub","Inside","Gtl","Somerst","Norm","Norm","1Fam","1Story",7,5,2009,2010,"Hip","CompShg","VinylSd","VinylSd","None",0,"Gd","TA","PConc","Gd","TA","No","Unf",0,"Unf",0,1218,1218,"GasA","Ex","Y","SBrkr",1218,0,0,1218,0,0,2,0,2,1,"Gd",4,"Typ",0,"No","Attchd","RFn",2,676,"TA","TA","Y",0,136,0,0,0,0,"No","No","No",0,4,2010,"New","Partial",204500,1
528458110,20,"FV",75,9000,"Pave","None","Reg","Lvl","AllPub","Inside","Gtl","Somerst","Norm","Norm","1Fam","1Story",8,5,2008,2008,"Gable","CompShg","VinylSd","VinylSd","Stone",36,"Gd","TA","PConc","Gd","TA","Av","GLQ",1078,"Unf",0,488,1566,"GasA","Ex","Y","SBrkr",1566,0,0,1566,1,0,2,0,3,1,"Gd",7,"Typ",0,"No","Attchd","RFn",2,750,"TA","TA","Y",144,168,0,0,0,0,"No","No","No",0,4,2010,"WD ","Normal",262500,2
528477080,60,"FV",100,12552,"Pave","None","Reg","Lvl","AllPub","Corner","Gtl","Somerst","Norm","Norm","1Fam","2Story",7,5,2004,2005,"Gable","CompShg","VinylSd","VinylSd","None",0,"Gd","TA","PConc","Gd","TA","No","GLQ",222,"Unf",0,769,991,"GasA","Ex","Y","SBrkr",991,956,0,1947,0,0,2,1,3,1,"Gd",8,"Typ",1,"Gd","Attchd","RFn",2,678,"TA","TA","Y",0,136,0,0,0,0,"No","GdWo","No",0,5,2010,"WD ","Normal",254900,6
528480090,20,"FV",84,10440,"Pave","None","Reg","Lvl","AllPub","Corner","Gtl","Somerst","Norm","Norm","1Fam","1Story",6,5,2005,2005,"Gable","CompShg","VinylSd","VinylSd","None",0,"Gd","TA","PConc","Ex","TA","No","GLQ",1414,"Unf",0,54,1468,"GasA","Ex","Y","SBrkr",1468,0,0,1468,1,0,2,0,2,1,"Gd",6,"Typ",1,"Gd","Attchd","Fin",2,528,"TA","TA","Y",0,102,0,0,216,0,"No","No","No",0,5,2010,"WD ","Normal",271500,5
531367050,60,"RL",76,10142,"Pave","None","IR1","Lvl","AllPub","Inside","Gtl","SawyerW","Norm","Norm","1Fam","2Story",7,5,2004,2004,"Gable","CompShg","VinylSd","VinylSd","None",0,"Gd","TA","PConc","Gd","TA","No","GLQ",656,"Unf",0,300,956,"GasA","Ex","Y","SBrkr",956,1128,0,2084,1,0,2,1,4,1,"Gd",8,"Typ",0,"No","BuiltIn","RFn",2,618,"TA","TA","Y",0,45,0,0,0,0,"No","No","No",0,1,2010,"WD ","Normal",233000,6
531451280,60,"RL",70,11218,"Pave","None","Reg","Lvl","AllPub","Inside","Gtl","SawyerW","Norm","Norm","1Fam","2Story",6,5,1992,1992,"Gable","CompShg","Wd Sdng","Wd Sdng","None",0,"Gd","TA","PConc","Gd","TA","No","Unf",0,"Unf",0,1055,1055,"GasA","Ex","Y","SBrkr",1055,790,0,1845,0,0,2,1,3,1,"Gd",8,"Typ",1,"TA","Attchd","RFn",2,462,"TA","TA","Y",635,104,0,0,0,0,"No","GdPrv","Shed",400,5,2010,"WD ","Normal",189000,18
531452020,120,"RL",55,7892,"Pave","None","Reg","Lvl","AllPub","Inside","Gtl","SawyerW","Norm","Norm","TwnhsE","1Story",6,5,1979,1979,"Gable","CompShg","Plywood","Plywood","None",0,"TA","TA","CBlock","Gd","TA","No","Unf",0,"Unf",0,918,918,"GasA","TA","Y","SBrkr",918,0,0,918,0,0,2,0,2,1,"TA",5,"Typ",1,"TA","Attchd","Unf",1,264,"TA","TA","Y",28,0,0,0,0,0,"No","No","No",0,4,2010,"WD ","Normal",99500,31
531453040,60,"RL",70,8400,"Pave","None","Reg","Lvl","AllPub","Inside","Gtl","SawyerW","Norm","Norm","1Fam","2Story",6,6,1980,1981,"Gable","CompShg","HdBoard","HdBoard","BrkFace",130,"TA","TA","CBlock","Gd","TA","No","Unf",0,"Unf",0,650,650,"GasA","TA","Y","SBrkr",888,676,0,1564,0,0,2,1,3,1,"TA",7,"Typ",1,"TA","Attchd","Unf",2,476,"TA","TA","Y",0,50,0,0,204,0,"No","MnPrv","No",0,4,2010,"WD ","Normal",171000,30
532354090,85,"RL",88,11782,"Pave","None","IR1","Lvl","AllPub","Inside","Gtl","Sawyer","Norm","Norm","1Fam","SFoyer",5,7,1961,1995,"Gable","CompShg","HdBoard","HdBoard","None",0,"TA","TA","CBlock","TA","TA","Av","ALQ",899,"Unf",0,210,1109,"GasA","TA","Y","SBrkr",1155,0,0,1155,1,0,1,0,3,1,"Gd",6,"Min2",0,"No","Detchd","Unf",2,576,"TA","TA","Y",192,0,0,0,0,0,"No","MnPrv","Shed",400,6,2010,"WD ","Normal",148000,23
532376160,20,"RL",65,8450,"Pave","None","Reg","Lvl","AllPub","Inside","Gtl","Sawyer","RRAe","Norm","1Fam","1Story",5,8,1965,2009,"Gable","CompShg","MetalSd","MetalSd","None",0,"TA","Gd","CBlock","TA","TA","No","GLQ",553,"BLQ",117,224,894,"GasA","Ex","Y","SBrkr",894,0,0,894,1,0,1,0,3,1,"TA",5,"Typ",1,"Gd","Detchd","Unf",1,336,"TA","TA","Y",416,144,0,0,0,0,"No","MnPrv","No",0,4,2010,"WD ","Normal",138500,37
532479070,20,"RL",39,15410,"Pave","None","IR1","Lvl","AllPub","CulDSac","Gtl","Sawyer","RRNe","Norm","1Fam","1Story",6,6,1974,2002,"Hip","CompShg","Plywood","Plywood","BrkCmn",250,"TA","Gd","CBlock","TA","TA","Gd","BLQ",126,"GLQ",859,223,1208,"GasA","Ex","Y","SBrkr",1494,0,0,1494,1,0,2,0,3,1,"TA",7,"Typ",2,"Fa","Attchd","Fin",2,461,"TA","TA","Y",296,0,186,0,0,0,"No","GdPrv","No",0,4,2010,"WD ","Abnorml",169000,36
533130020,60,"RL",107,10186,"Pave","None","IR1","Lvl","AllPub","Inside","Gtl","NoRidge","Norm","Norm","1Fam","2Story",7,5,1992,1992,"Gable","CompShg","HdBoard","HdBoard","None",0,"Gd","TA","PConc","Gd","TA","No","GLQ",674,"Unf",0,76,750,"GasA","Ex","Y","SBrkr",1061,862,0,1923,1,0,2,1,3,1,"Gd",8,"Typ",1,"TA","Attchd","RFn",2,564,"TA","TA","Y",240,39,0,0,0,0,"No","No","No",0,6,2010,"WD ","Normal",190000,18
533130130,60,"RL",85,13143,"Pave","None","IR1","Lvl","AllPub","Inside","Gtl","NoRidge","Norm","Norm","1Fam","2Story",8,5,1993,1993,"Gable","CompShg","HdBoard","ImStucc","BrkFace",504,"Gd","TA","PConc","Gd","TA","No","LwQ",250,"GLQ",981,0,1231,"GasA","Ex","Y","SBrkr",1251,1098,0,2349,1,0,2,1,4,1,"Gd",9,"Typ",1,"TA","Attchd","RFn",3,762,"TA","TA","Y",32,130,0,0,0,0,"No","No","No",0,6,2010,"WD ","Normal",362500,17
533130160,60,"RL",88,11134,"Pave","None","Reg","Lvl","AllPub","Inside","Gtl","NoRidge","Norm","Norm","1Fam","2Story",8,5,1992,1993,"Gable","CompShg","HdBoard","HdBoard","BrkFace",180,"Gd","TA","PConc","Gd","TA","No","GLQ",1129,"Unf",0,261,1390,"GasA","Ex","Y","SBrkr",1402,823,0,2225,1,0,2,1,4,1,"Gd",7,"Typ",1,"TA","Attchd","RFn",3,713,"TA","TA","Y",198,30,0,0,0,0,"No","No","No",0,6,2010,"WD ","Normal",285000,18
533208090,160,"FV",39,3515,"Pave","Pave","Reg","Lvl","AllPub","Inside","Gtl","Somerst","Norm","Norm","TwnhsE","2Story",7,5,2004,2004,"Gable","CompShg","VinylSd","VinylSd","None",0,"Gd","TA","PConc","Gd","TA","No","Unf",0,"Unf",0,840,840,"GasA","Ex","Y","SBrkr",840,840,0,1680,0,0,2,1,2,1,"Gd",3,"Typ",0,"No","Attchd","RFn",2,588,"TA","TA","Y",0,111,0,0,0,0,"No","No","No",0,1,2010,"WD ","Normal",190000,6
533210060,160,"FV",30,3215,"Pave","Pave","Reg","Lvl","AllPub","Inside","Gtl","Somerst","Norm","Norm","TwnhsE","2Story",7,5,2004,2004,"Gable","CompShg","MetalSd","MetalSd","BrkFace",120,"Gd","TA","PConc","Gd","TA","Av","GLQ",280,"Unf",0,320,600,"GasA","Ex","Y","SBrkr",600,600,0,1200,0,0,2,1,2,1,"Gd",4,"Typ",0,"No","Detchd","RFn",2,480,"TA","TA","Y",0,172,0,0,0,0,"No","No","No",0,4,2010,"ConLD","Normal",155000,6
533212020,160,"FV",24,2544,"Pave","Pave","Reg","Lvl","AllPub","Inside","Gtl","Somerst","Norm","Norm","Twnhs","2Story",7,5,2004,2005,"Gable","CompShg","MetalSd","MetalSd","None",0,"Gd","TA","PConc","Gd","TA","No","GLQ",368,"ALQ",42,190,600,"GasA","Ex","Y","SBrkr",600,600,0,1200,1,0,2,1,2,1,"Gd",4,"Typ",0,"No","Detchd","RFn",2,480,"TA","TA","Y",0,172,0,0,0,0,"No","No","No",0,2,2010,"WD ","Normal",149500,6
533212060,160,"FV",24,2544,"Pave","Pave","Reg","Lvl","AllPub","Inside","Gtl","Somerst","Norm","Norm","Twnhs","2Story",6,5,2005,2005,"Gable","CompShg","VinylSd","VinylSd","BrkFace",216,"Gd","TA","PConc","Gd","TA","No","GLQ",376,"Unf",0,224,600,"GasA","Ex","Y","SBrkr",600,636,0,1236,1,0,2,1,2,1,"Gd",4,"Typ",0,"No","Detchd","RFn",2,480,"TA","TA","Y",0,166,0,0,0,0,"No","No","No",0,5,2010,"WD ","Normal",152000,5
533223020,160,"FV",24,2572,"Pave","None","Reg","Lvl","AllPub","FR2","Gtl","Somerst","Norm","Norm","Twnhs","2Story",7,5,1999,1999,"Hip","CompShg","MetalSd","MetalSd","None",0,"Gd","TA","PConc","Gd","TA","No","ALQ",604,"Unf",0,92,696,"GasA","Ex","Y","SBrkr",696,720,0,1416,1,0,2,1,3,1,"Gd",6,"Typ",0,"No","Detchd","Unf",2,484,"TA","TA","Y",0,44,0,0,0,0,"No","No","No",0,5,2010,"WD ","Normal",155000,11
533238045,20,"FV",57,12853,"Pave","Pave","IR1","Lvl","AllPub","Inside","Gtl","Somerst","Norm","Norm","1Fam","1Story",8,5,2010,2010,"Gable","CompShg","CemntBd","CmentBd","None",0,"Gd","TA","PConc","Ex","Po","No","GLQ",1032,"Unf",0,610,1642,"GasA","Ex","Y","SBrkr",1418,0,0,1418,1,0,1,1,1,1,"Gd",6,"Typ",1,"Gd","Attchd","RFn",3,852,"TA","TA","Y",160,192,0,224,0,0,"No","No","No",0,4,2010,"New","Partial",267916,0
533253060,120,"RL",30,4420,"Pave","None","IR1","Lvl","AllPub","CulDSac","Gtl","Greens","Norm","Norm","TwnhsE","1Story",8,5,1980,1980,"Gable","CompShg","Wd Sdng","Wd Sdng","None",0,"Gd","TA","CBlock","Gd","TA","Gd","GLQ",728,"Unf",0,0,728,"GasA","TA","Y","SBrkr",788,0,0,788,1,0,1,0,1,1,"Gd",3,"Typ",1,"TA","Detchd","Fin",2,484,"TA","TA","Y",133,42,0,0,0,0,"No","No","No",0,6,2010,"WD ","Normal",155000,30
533253210,120,"RL",40,3880,"Pave","None","IR1","Lvl","AllPub","Inside","Gtl","Greens","Norm","Norm","Twnhs","1Story",8,6,1978,1978,"Gable","CompShg","Wd Sdng","Plywood","None",0,"Gd","TA","CBlock","Gd","TA","Gd","GLQ",1052,"Unf",0,174,1226,"GasA","TA","Y","SBrkr",1226,0,0,1226,1,0,1,0,1,1,"Gd",4,"Typ",1,"TA","Attchd","Fin",2,484,"TA","TA","Y",223,78,0,0,0,0,"No","No","No",0,1,2010,"WD ","Normal",206000,32
534102025,20,"FV",80,8000,"Pave","None","Reg","Lvl","AllPub","Inside","Gtl","Somerst","Norm","Norm","1Fam","1Story",7,5,2002,2002,"Gable","CompShg","VinylSd","VinylSd","None",0,"Gd","TA","PConc","Gd","TA","No","GLQ",833,"Unf",0,659,1492,"GasA","Ex","Y","SBrkr",1492,0,0,1492,1,0,2,0,3,1,"Gd",6,"Typ",1,"Gd","Attchd","RFn",2,596,"TA","TA","Y",277,137,0,0,0,0,"No","No","No",0,4,2010,"WD ","Normal",230000,8
534202160,20,"RL",80,9600,"Pave","None","Reg","Lvl","AllPub","Inside","Gtl","NAmes","Norm","Norm","1Fam","1Story",5,5,1966,1966,"Hip","CompShg","VinylSd","VinylSd","BrkFace",172,"TA","TA","CBlock","TA","TA","No","Rec",698,"Unf",0,534,1232,"GasA","TA","Y","SBrkr",1232,0,0,1232,1,0,1,1,3,1,"TA",6,"Typ",0,"No","Attchd","RFn",2,490,"TA","TA","Y",0,224,0,0,0,0,"No","No","No",0,4,2010,"WD ","Normal",142250,44
534276360,20,"RL",77,9320,"Pave","None","IR1","Lvl","AllPub","Inside","Gtl","NAmes","Norm","Norm","1Fam","1Story",4,5,1959,1959,"Gable","CompShg","Plywood","Plywood","None",0,"TA","TA","CBlock","TA","TA","No","ALQ",569,"Unf",0,381,950,"GasA","Fa","Y","SBrkr",1225,0,0,1225,1,0,1,1,3,1,"TA",6,"Typ",0,"No","No","No",0,0,"No","No","Y",352,0,0,0,0,0,"No","No","Shed",400,1,2010,"WD ","Normal",128950,0
534401140,20,"RL",88,9680,"Pave","None","Reg","Lvl","AllPub","Inside","Gtl","NAmes","Norm","Norm","1Fam","1Story",5,6,1967,1967,"Gable","CompShg","Wd Sdng","Plywood","BrkFace",268,"TA","TA","CBlock","TA","TA","No","BLQ",1010,"Unf",0,500,1510,"GasA","Ex","Y","SBrkr",1510,0,0,1510,1,0,2,0,3,1,"Gd",6,"Typ",0,"No","Attchd","RFn",2,517,"TA","TA","Y",0,40,0,0,204,0,"No","GdPrv","No",0,4,2010,"WD ","Normal",178900,43
534427010,90,"RL",98,13260,"Pave","None","IR1","Lvl","AllPub","Inside","Gtl","NAmes","Norm","Norm","Duplex","1Story",5,6,1962,2001,"Hip","CompShg","HdBoard","HdBoard","BrkFace",144,"TA","TA","CBlock","TA","TA","No","BLQ",1500,"Unf",0,228,1728,"GasA","TA","Y","SBrkr",1728,0,0,1728,2,0,2,0,6,2,"TA",10,"Typ",0,"No","No","No",0,0,"No","No","Y",0,0,0,0,0,0,"No","No","No",0,1,2010,"Oth","Abnorml",84900,0
534431050,50,"RL",68,9724,"Pave","None","Reg","Lvl","AllPub","Inside","Gtl","NAmes","Norm","Norm","1Fam","1.5Fin",5,7,1952,2002,"Gable","CompShg","MetalSd","MetalSd","BrkFace",265,"Gd","TA","CBlock","TA","TA","No","LwQ",670,"Unf",0,470,1140,"GasA","Gd","Y","SBrkr",1929,532,0,2461,0,0,2,0,3,1,"TA",7,"Min2",2,"Gd","Detchd","Unf",2,400,"TA","TA","Y",0,0,0,0,0,0,"No","GdWo","No",0,3,2010,"WD ","Normal",197600,16
534431070,50,"RL",120,17360,"Pave","None","Reg","Lvl","AllPub","Corner","Gtl","NAmes","Artery","Norm","1Fam","1.5Fin",6,6,1949,1950,"Gable","CompShg","MetalSd","MetalSd","Stone",340,"TA","Gd","CBlock","TA","TA","No","Rec",300,"Unf",0,482,782,"GasA","TA","Y","SBrkr",1019,537,0,1556,0,0,2,0,3,1,"TA",6,"Typ",1,"Gd","Attchd","Unf",2,470,"TA","TA","Y",0,0,150,0,0,0,"No","No","No",0,1,2010,"WD ","Normal",172500,61
534450180,20,"RL",50,7207,"Pave","None","IR1","Lvl","AllPub","Inside","Gtl","BrkSide","Norm","Norm","1Fam","1Story",5,7,1958,2008,"Gable","CompShg","Wd Sdng","Plywood","None",0,"TA","Gd","CBlock","TA","TA","Gd","BLQ",696,"Unf",0,162,858,"GasA","Gd","Y","SBrkr",858,0,0,858,1,0,1,0,2,1,"TA",4,"Typ",0,"No","No","No",0,0,"No","No","Y",117,0,0,0,0,0,"No","No","No",0,2,2010,"WD ","Normal",116500,0
534475100,20,"RL",80,9920,"Pave","None","Reg","Lvl","AllPub","Inside","Gtl","NAmes","Norm","Norm","1Fam","1Story",5,5,1954,1954,"Gable","CompShg","HdBoard","HdBoard","Stone",110,"TA","TA","CBlock","TA","TA","No","Rec",354,"LwQ",290,412,1056,"GasA","TA","Y","SBrkr",1063,0,0,1063,1,0,1,0,3,1,"TA",6,"Typ",0,"No","Attchd","RFn",1,280,"TA","TA","Y",0,0,164,0,0,0,"No","MnPrv","No",0,2,2010,"WD ","Normal",128000,56
534479320,20,"RL",78,7800,"Pave","None","Reg","Lvl","AllPub","Inside","Gtl","NAmes","Norm","Norm","1Fam","1Story",5,6,1954,1954,"Gable","CompShg","HdBoard","HdBoard","BrkFace",200,"TA","TA","PConc","TA","TA","No","LwQ",540,"Unf",0,728,1268,"GasA","Gd","Y","SBrkr",1268,0,0,1268,0,0,1,0,2,1,"TA",7,"Typ",1,"Gd","Attchd","Fin",1,244,"TA","TA","Y",0,98,0,0,0,0,"No","No","No",0,3,2010,"WD ","Normal",132000,56
535101020,85,"RL",75,11380,"Pave","None","IR1","Lvl","AllPub","Inside","Gtl","NAmes","Norm","Norm","1Fam","SFoyer",6,8,1966,2008,"Gable","CompShg","HdBoard","HdBoard","BrkFace",216,"TA","TA","CBlock","TA","TA","Gd","GLQ",944,"Unf",0,136,1080,"GasA","Gd","Y","SBrkr",1128,0,0,1128,1,0,1,0,2,1,"Gd",5,"Typ",1,"Gd","Attchd","Unf",1,315,"TA","TA","Y",238,0,0,0,0,0,"No","No","Shed",1500,1,2010,"WD ","Normal",178000,44
535106190,90,"RL",80,11600,"Pave","None","Reg","Lvl","AllPub","Corner","Gtl","NAmes","Feedr","Norm","Duplex","2Story",5,5,1960,1960,"Gable","CompShg","MetalSd","MetalSd","BrkFace",361,"TA","TA","CBlock","TA","TA","No","Rec",443,"Unf",0,662,1105,"GasA","TA","Y","FuseA",1105,1169,0,2274,0,0,2,0,5,2,"TA",12,"Typ",0,"No","Detchd","Unf",2,480,"TA","TA","Y",0,0,0,0,0,0,"No","No","No",0,1,2010,"WD ","Normal",154300,50
535152050,20,"RL",70,8197,"Pave","None","Reg","Lvl","AllPub","Inside","Gtl","NAmes","Norm","Norm","1Fam","1Story",7,5,2003,2009,"Gable","CompShg","VinylSd","VinylSd","BrkFace",506,"Gd","TA","PConc","Gd","TA","No","GLQ",1188,"Unf",0,292,1480,"GasA","Ex","Y","SBrkr",1480,0,0,1480,1,0,2,0,3,1,"Gd",7,"Typ",0,"No","Attchd","RFn",2,620,"TA","TA","Y",252,73,0,0,0,0,"No","MnPrv","Shed",300,2,2010,"WD ","Normal",214000,7
535152250,20,"RL",70,8400,"Pave","None","Reg","Lvl","AllPub","Inside","Gtl","NAmes","Norm","Norm","1Fam","1Story",5,6,1957,1957,"Gable","CompShg","MetalSd","MetalSd","None",0,"TA","Gd","CBlock","TA","TA","No","Rec",922,"Unf",0,392,1314,"GasA","TA","Y","SBrkr",1314,0,0,1314,1,0,1,0,3,1,"TA",5,"Typ",0,"No","Attchd","RFn",1,294,"TA","TA","Y",250,0,0,0,0,0,"No","No","No",0,6,2010,"WD ","Normal",145000,53
535153070,20,"RL",73,8760,"Pave","None","Reg","Lvl","AllPub","Inside","Gtl","NAmes","Norm","Norm","1Fam","1Story",6,6,1959,1959,"Hip","CompShg","MetalSd","MetalSd","BrkFace",220,"TA","TA","CBlock","TA","TA","No","Unf",0,"Unf",0,1194,1194,"GasA","TA","Y","SBrkr",1194,0,0,1194,1,0,1,0,3,1,"TA",6,"Typ",0,"No","Attchd","RFn",1,312,"TA","TA","Y",0,0,120,0,0,0,"No","No","No",0,4,2010,"WD ","Normal",148000,51
535175180,20,"RL",87,10725,"Pave","None","IR1","Lvl","AllPub","Inside","Gtl","NAmes","Norm","Norm","1Fam","1Story",5,5,1959,1959,"Hip","CompShg","MetalSd","MetalSd","BrkFace",91,"TA","TA","CBlock","TA","TA","No","Rec",936,"Unf",0,270,1206,"GasA","Fa","Y","SBrkr",1206,0,0,1206,0,0,1,0,3,1,"TA",6,"Typ",0,"No","Attchd","RFn",1,312,"TA","TA","Y",0,21,0,0,0,0,"No","No","No",0,5,2010,"WD ","Normal",108538,51
535179020,20,"RL",80,10032,"Pave","None","Reg","Lvl","AllPub","Inside","Gtl","NAmes","Norm","Norm","1Fam","1Story",6,5,1959,1959,"Gable","CompShg","Wd Sdng","Wd Sdng","Stone",432,"TA","TA","CBlock","TA","TA","No","Rec",734,"Unf",0,510,1244,"GasA","Ex","Y","SBrkr",1580,0,0,1580,1,0,1,1,3,1,"TA",6,"Typ",2,"Gd","Attchd","Unf",2,440,"TA","TA","Y",0,28,0,0,160,0,"No","GdWo","No",0,6,2010,"WD ","Normal",159500,54
535180130,50,"RL",60,8382,"Pave","None","Reg","Lvl","AllPub","Inside","Gtl","NAmes","Norm","Norm","1Fam","1.5Fin",4,5,1956,1956,"Gable","CompShg","MetalSd","MetalSd","None",0,"TA","TA","CBlock","TA","TA","No","Unf",0,"Unf",0,832,832,"GasA","TA","Y","FuseA",832,505,0,1337,0,0,1,0,3,1,"TA",5,"Typ",0,"No","Attchd","Unf",1,263,"TA","TA","Y",0,0,0,0,0,0,"No","No","No",0,2,2010,"WD ","Normal",108000,54
535302080,20,"RL",60,10950,"Pave","None","Reg","Lvl","AllPub","Inside","Gtl","NAmes","Norm","Norm","1Fam","1Story",5,7,1952,1952,"Gable","CompShg","WdShing","Wd Shng","None",0,"TA","TA","CBlock","TA","TA","No","BLQ",339,"Unf",0,525,864,"GasA","TA","Y","SBrkr",1064,0,0,1064,0,1,1,0,2,1,"Fa",4,"Typ",0,"No","Detchd","Unf",1,318,"TA","TA","Y",0,0,0,0,0,0,"No","No","No",0,5,2010,"WD ","Normal",135000,58
535302200,20,"RL",119,10895,"Pave","None","Reg","Lvl","AllPub","Corner","Gtl","NAmes","Norm","Norm","1Fam","1Story",5,6,1955,1955,"Gable","CompShg","MetalSd","MetalSd","None",0,"TA","Gd","CBlock","TA","TA","No","Rec",648,"Unf",0,324,972,"GasA","TA","Y","SBrkr",972,0,0,972,0,0,1,0,3,1,"TA",5,"Typ",0,"No","Attchd","Unf",1,305,"TA","TA","Y",0,0,205,0,0,0,"No","GdWo","No",0,6,2010,"WD ","Normal",122500,55
535304060,190,"RL",70,13587,"Pave","None","Reg","Lvl","AllPub","Inside","Gtl","NAmes","Norm","Norm","2fmCon","1Story",5,5,1958,1958,"Gable","CompShg","MetalSd","MetalSd","None",0,"TA","TA","CBlock","TA","TA","Av","Rec",532,"Unf",0,456,988,"GasA","TA","Y","SBrkr",988,0,0,988,1,0,1,0,2,1,"TA",5,"Typ",0,"No","Attchd","Unf",1,264,"TA","TA","Y",0,0,0,0,0,0,"No","No","No",0,4,2010,"WD ","Abnorml",119000,52
535304180,20,"RL",68,7922,"Pave","None","Reg","Lvl","AllPub","Inside","Gtl","NAmes","Norm","Norm","1Fam","1Story",5,7,1953,2007,"Gable","CompShg","VinylSd","VinylSd","None",0,"TA","Gd","CBlock","TA","TA","No","GLQ",731,"Unf",0,326,1057,"GasA","TA","Y","SBrkr",1057,0,0,1057,1,0,1,0,3,1,"Gd",5,"Typ",0,"No","Detchd","Unf",1,246,"TA","TA","Y",0,52,0,0,0,0,"No","No","No",0,1,2010,"WD ","Abnorml",109000,57
535325400,30,"RL",65,7898,"Pave","None","Reg","Lvl","AllPub","Corner","Gtl","NAmes","Norm","Norm","1Fam","1Story",4,7,1920,1994,"Gable","CompShg","MetalSd","MetalSd","None",0,"TA","TA","BrkTil","TA","TA","No","Unf",0,"Unf",0,576,576,"GasA","Gd","Y","SBrkr",985,0,0,985,0,1,1,0,2,1,"TA",4,"Typ",0,"No","Detchd","Unf",2,676,"TA","TA","N",0,0,0,0,0,0,"No","No","No",0,4,2010,"WD ","Normal",105000,21
535327140,20,"RL",60,7200,"Pave","None","Reg","Lvl","AllPub","Inside","Gtl","NAmes","Norm","Norm","1Fam","1Story",5,7,1955,2007,"Gable","CompShg","VinylSd","VinylSd","None",0,"TA","TA","Slab","NB","NB","NB","NB",0,"NB",0,0,0,"GasA","Ex","Y","SBrkr",827,0,0,827,0,0,1,0,2,1,"TA",5,"Mod",1,"Po","Detchd","Unf",1,392,"TA","TA","Y",0,0,0,0,0,0,"No","No","No",0,4,2010,"WD ","Normal",107500,43
535350030,20,"RL",85,10200,"Pave","None","Reg","Lvl","AllPub","Inside","Gtl","NAmes","Norm","Norm","1Fam","1Story",5,7,1954,2003,"Gable","CompShg","Wd Sdng","Wd Sdng","BrkFace",104,"TA","TA","CBlock","TA","TA","No","ALQ",320,"BLQ",362,404,1086,"GasA","Gd","Y","SBrkr",1086,0,0,1086,1,0,1,0,3,1,"TA",6,"Typ",0,"No","Attchd","Unf",2,490,"TA","TA","Y",0,0,0,0,0,0,"No","GdWo","No",0,5,2010,"WD ","Normal",144900,21
535350040,20,"RL",74,5868,"Pave","None","Reg","Lvl","AllPub","Inside","Gtl","NAmes","Norm","Norm","1Fam","1Story",5,7,1956,2000,"Gable","CompShg","MetalSd","MetalSd","None",0,"TA","TA","CBlock","TA","TA","No","BLQ",248,"Rec",240,448,936,"GasA","Ex","Y","SBrkr",936,0,0,936,1,0,1,0,2,1,"TA",4,"Typ",0,"No","Attchd","Fin",1,308,"TA","TA","Y",0,0,80,0,160,0,"No","No","No",0,5,2010,"WD ","Normal",129000,54
535425010,80,"RL",96,11275,"Pave","None","Reg","Lvl","AllPub","Corner","Gtl","NAmes","PosN","Norm","1Fam","SLvl",7,7,1967,2007,"Mansard","WdShake","Wd Sdng","Wd Sdng","BrkFace",300,"Gd","Gd","CBlock","Gd","TA","No","Unf",0,"Unf",0,710,710,"GasA","Ex","Y","SBrkr",1898,1080,0,2978,0,0,2,1,5,1,"Gd",11,"Typ",1,"Gd","BuiltIn","Fin",2,564,"TA","TA","Y",240,0,0,0,0,0,"No","No","No",0,6,2010,"WD ","Normal",242000,49
535450210,50,"RL",60,8064,"Pave","None","Reg","Lvl","AllPub","Inside","Gtl","NAmes","Artery","Norm","1Fam","1.5Fin",6,8,1948,2004,"Gable","CompShg","WdShing","Wd Shng","None",0,"TA","TA","CBlock","TA","TA","No","ALQ",481,"Rec",174,161,816,"GasA","TA","Y","SBrkr",816,408,0,1224,1,0,1,0,3,1,"TA",5,"Typ",0,"No","Detchd","Unf",1,280,"TA","TA","Y",414,0,0,0,0,0,"No","GdWo","No",0,5,2010,"WD ","Normal",132000,60
535456110,20,"RL",60,7200,"Pave","None","Reg","Lvl","AllPub","Corner","Gtl","NAmes","Norm","Norm","1Fam","1Story",5,7,1951,2000,"Gable","CompShg","Wd Sdng","Wd Sdng","None",0,"TA","TA","CBlock","TA","TA","Mn","BLQ",234,"Rec",486,180,900,"GasA","TA","Y","SBrkr",900,0,0,900,0,1,1,0,3,1,"Gd",5,"Typ",0,"No","Detchd","Unf",2,576,"TA","TA","Y",222,32,0,0,0,0,"No","No","No",0,5,2010,"WD ","Normal",134800,5
535457090,20,"RL",81,7635,"Pave","None","IR1","Lvl","AllPub","Corner","Gtl","NAmes","Norm","Norm","1Fam","1Story",5,6,1960,1960,"Gable","CompShg","BrkFace","Wd Sdng","None",0,"TA","TA","CBlock","TA","TA","No","Rec",588,"LwQ",350,237,1175,"GasA","Ex","Y","SBrkr",1175,0,0,1175,0,0,1,1,3,1,"TA",6,"Typ",0,"No","Detchd","RFn",2,484,"TA","TA","Y",0,0,0,0,0,0,"No","No","No",0,6,2010,"WD ","Normal",148000,50
902104060,50,"RM",55,8800,"Pave","Grvl","Reg","Lvl","AllPub","Corner","Gtl","OldTown","Norm","Norm","1Fam","1.5Fin",4,7,1910,2004,"Gable","CompShg","Wd Sdng","Wd Sdng","None",0,"TA","TA","BrkTil","TA","Fa","No","Unf",0,"Unf",0,576,576,"GasA","Gd","Y","SBrkr",792,348,0,1140,0,0,1,0,3,1,"TA",7,"Min2",0,"No","No","No",0,0,"No","No","N",0,160,0,0,0,0,"No","No","No",0,6,2010,"WD ","Normal",96500,0
902106140,30,"RM",56,8960,"Pave","Grvl","Reg","Lvl","AllPub","Inside","Gtl","OldTown","Artery","Norm","1Fam","1Story",5,6,1927,1950,"Gable","CompShg","WdShing","Wd Shng","None",0,"TA","TA","CBlock","TA","TA","No","Unf",0,"Unf",0,1008,1008,"GasA","Gd","Y","FuseA",1028,0,0,1028,0,0,1,0,2,1,"TA",5,"Typ",1,"Gd","Detchd","Unf",2,360,"TA","TA","Y",0,0,130,0,0,0,"No","No","No",0,3,2010,"WD ","Normal",115000,83
902128170,30,"RM",60,7200,"Pave","None","Reg","Lvl","AllPub","Corner","Gtl","OldTown","Norm","Norm","1Fam","1Story",5,7,1940,1992,"Gable","CompShg","MetalSd","MetalSd","Stone",294,"TA","Gd","CBlock","TA","TA","No","BLQ",510,"Unf",0,278,788,"GasA","TA","Y","SBrkr",804,0,0,804,1,0,1,0,2,1,"Gd",4,"Typ",2,"Gd","Attchd","Unf",1,240,"TA","TA","Y",0,0,154,0,0,0,"No","MnPrv","No",0,2,2010,"WD ","Abnorml",119000,70
902206040,50,"RM",50,5500,"Pave","None","Reg","Lvl","AllPub","Corner","Gtl","OldTown","Norm","Norm","1Fam","1.5Fin",5,7,1929,2001,"Gable","CompShg","Wd Sdng","Wd Sdng","None",0,"TA","TA","BrkTil","TA","TA","No","LwQ",234,"ALQ",692,0,926,"GasA","TA","Y","SBrkr",926,0,390,1316,1,0,1,0,3,1,"TA",6,"Typ",0,"No","Detchd","Unf",2,484,"TA","TA","Y",0,0,0,0,0,0,"No","No","No",0,4,2010,"WD ","Normal",130000,36
902206220,50,"RM",69,11851,"Pave","None","Reg","Lvl","AllPub","Inside","Gtl","OldTown","Artery","Norm","1Fam","1.5Fin",5,7,1948,2009,"Gable","CompShg","VinylSd","VinylSd","None",0,"TA","Gd","BrkTil","TA","TA","No","BLQ",780,"Unf",0,247,1027,"GasA","Ex","Y","SBrkr",1027,606,0,1633,0,0,1,0,3,1,"Gd",7,"Typ",1,"Gd","Detchd","Unf",1,240,"TA","TA","Y",0,100,126,0,0,0,"No","No","No",0,6,2010,"WD ","Normal",129000,62
902207140,30,"RM",60,8520,"Pave","None","Reg","Lvl","AllPub","Inside","Gtl","OldTown","Norm","Norm","1Fam","1Story",6,8,1928,2003,"Gable","CompShg","VinylSd","VinylSd","None",0,"TA","Gd","BrkTil","TA","TA","No","Unf",0,"Unf",0,624,624,"GasA","Gd","Y","SBrkr",720,0,0,720,0,0,1,0,2,1,"TA",5,"Typ",0,"No","Detchd","Unf",2,484,"TA","TA","Y",106,0,0,0,0,0,"No","No","No",0,5,2010,"WD ","Normal",105900,5
902327040,50,"RM",60,10800,"Pave","None","Reg","Lvl","AllPub","Inside","Gtl","OldTown","Artery","Norm","1Fam","1.5Fin",5,6,1915,1950,"Gable","CompShg","MetalSd","MetalSd","None",0,"TA","Gd","PConc","Fa","TA","No","LwQ",686,"Unf",0,0,686,"GasA","TA","Y","SBrkr",966,686,0,1652,1,0,2,0,4,1,"TA",7,"Typ",0,"No","Detchd","Unf",1,416,"TA","TA","Y",0,0,196,0,0,0,"No","No","Shed",1200,6,2010,"WD ","Normal",139000,49
902329030,70,"RM",50,9000,"Pave","Grvl","Reg","Lvl","AllPub","Inside","Gtl","OldTown","Norm","Norm","1Fam","2Story",8,9,1890,2002,"Gable","CompShg","Wd Sdng","Wd Sdng","None",0,"Gd","Gd","Stone","Fa","Fa","No","Unf",0,"Unf",0,346,346,"GasA","Ex","Y","SBrkr",1157,1111,0,2268,0,0,3,0,3,1,"Gd",7,"Typ",0,"No","Detchd","Unf",2,624,"TA","TA","N",0,108,0,0,0,0,"No","No","No",0,4,2010,"WD ","Normal",240000,7
902402130,70,"RM",60,7740,"Pave","None","Reg","Lvl","AllPub","Inside","Gtl","OldTown","Norm","Norm","1Fam","2Story",4,7,1910,1950,"Gable","CompShg","VinylSd","VinylSd","None",0,"TA","TA","CBlock","Fa","TA","No","Unf",0,"Unf",0,622,622,"GasA","Gd","Y","SBrkr",741,622,0,1363,0,0,1,0,3,1,"TA",6,"Typ",0,"No","Detchd","Unf",2,528,"TA","TA","Y",0,0,0,0,168,0,"No","No","No",0,6,2010,"WD ","Normal",125500,44
902402250,190,"RM",60,11340,"Pave","None","Reg","Lvl","AllPub","Inside","Gtl","OldTown","Norm","Norm","2fmCon","2Story",4,6,1885,1950,"Gable","CompShg","VinylSd","AsbShng","None",0,"TA","TA","PConc","TA","TA","No","Unf",0,"Unf",0,777,777,"GasA","Gd","Y","SBrkr",1246,1044,0,2290,0,0,2,0,4,2,"TA",11,"Typ",0,"No","Detchd","Unf",2,560,"TA","TA","N",0,0,114,0,0,0,"No","No","No",0,4,2010,"WD ","Normal",122500,39
902403070,70,"RM",60,10560,"Pave","None","Reg","Lvl","AllPub","Inside","Gtl","OldTown","Norm","Norm","1Fam","2Story",6,7,1922,1994,"Gable","CompShg","Wd Sdng","Wd Sdng","None",0,"TA","TA","CBlock","Fa","TA","No","Rec",283,"Unf",0,455,738,"GasA","Ex","Y","SBrkr",868,602,0,1470,0,0,1,1,2,1,"TA",6,"Min1",0,"No","Detchd","Unf",2,624,"TA","TA","Y",0,0,0,0,0,0,"No","No","No",0,6,2010,"WD ","Normal",140750,40
903204040,50,"RM",53,5830,"Pave","None","Reg","Lvl","AllPub","Corner","Gtl","BrkSide","Feedr","Feedr","1Fam","1.5Fin",5,6,1950,1997,"Gable","CompShg","MetalSd","MetalSd","None",0,"TA","Gd","CBlock","TA","TA","No","Rec",788,"Unf",0,200,988,"GasA","Ex","Y","SBrkr",1030,582,0,1612,0,0,1,1,3,1,"TA",7,"Typ",0,"No","Detchd","Unf",1,363,"TA","TA","Y",0,0,0,0,0,0,"No","MnPrv","No",0,3,2010,"WD ","Normal",128500,60
903226160,50,"RM",50,6000,"Pave","None","Reg","Lvl","AllPub","Inside","Gtl","BrkSide","Norm","Norm","1Fam","1.5Fin",6,7,1939,1950,"Gable","CompShg","MetalSd","MetalSd","None",0,"TA","TA","BrkTil","TA","Gd","No","BLQ",452,"LwQ",12,144,608,"GasA","TA","Y","SBrkr",608,524,0,1132,1,0,1,0,2,1,"TA",5,"Typ",0,"No","Detchd","Unf",1,240,"TA","TA","Y",0,0,128,0,0,0,"No","MnPrv","No",0,4,2010,"WD ","Abnorml",134000,71
903227020,50,"RM",50,6000,"Pave","None","Reg","Lvl","AllPub","Inside","Gtl","BrkSide","Norm","Norm","1Fam","1.5Fin",6,6,1940,1950,"Gable","CompShg","MetalSd","MetalSd","None",0,"TA","Gd","CBlock","TA","TA","No","LwQ",264,"Unf",0,308,572,"GasA","Ex","Y","FuseA",848,348,0,1196,0,1,1,1,3,1,"TA",6,"Typ",2,"Gd","Detchd","Unf",2,576,"TA","TA","Y",0,0,0,0,0,0,"No","No","No",0,3,2010,"WD ","Normal",128000,37
903232190,50,"RM",52,6240,"Pave","None","Reg","Lvl","AllPub","Inside","Gtl","BrkSide","Norm","Norm","1Fam","1.5Fin",5,7,1936,1980,"Gable","CompShg","VinylSd","VinylSd","None",0,"TA","TA","CBlock","TA","Fa","No","Rec",276,"Unf",0,252,528,"GasA","Gd","Y","SBrkr",548,492,0,1040,0,0,1,0,2,1,"TA",5,"Typ",0,"No","Detchd","Fin",2,624,"TA","TA","P",306,0,32,0,0,0,"No","No","No",0,5,2010,"WD ","Normal",123900,31
903233120,50,"RM",52,6240,"Pave","None","Reg","Lvl","AllPub","Inside","Gtl","BrkSide","Norm","Norm","1Fam","1.5Fin",5,5,1930,1950,"Gable","CompShg","MetalSd","MetalSd","None",0,"TA","TA","BrkTil","TA","TA","No","LwQ",448,"Unf",0,480,928,"GasA","TA","Y","FuseF",928,608,0,1536,0,0,2,0,4,1,"TA",7,"Typ",1,"Gd","Detchd","Unf",2,480,"TA","TA","Y",0,10,0,0,0,0,"No","MnPrv","No",0,3,2010,"WD ","Normal",138400,80
903425110,70,"RM",50,10300,"Pave","None","IR1","Bnk","AllPub","Inside","Gtl","OldTown","RRAn","Feedr","1Fam","2Story",7,6,1921,1950,"Gable","CompShg","Stucco","Stucco","None",0,"TA","TA","BrkTil","TA","TA","No","Unf",0,"Unf",0,576,576,"GasA","Gd","Y","SBrkr",902,808,0,1710,0,0,2,0,3,1,"TA",9,"Typ",0,"No","Detchd","Unf",2,480,"TA","TA","Y",12,11,64,0,0,0,"No","GdPrv","No",0,4,2010,"WD ","Normal",140000,20
903426200,70,"RM",60,12900,"Pave","Grvl","Reg","Lvl","AllPub","Inside","Gtl","OldTown","Norm","Norm","1Fam","2Story",6,8,1912,2009,"Gable","CompShg","Wd Sdng","Wd Sdng","None",0,"Gd","Gd","PConc","TA","TA","No","Unf",0,"Unf",0,780,780,"GasA","Ex","Y","SBrkr",780,780,0,1560,0,0,1,1,3,1,"Gd",7,"Typ",0,"No","No","No",0,0,"No","No","N",344,0,0,0,168,0,"No","No","No",0,5,2010,"WD ","Normal",159900,0
903430080,70,"RM",52,3068,"Pave","Grvl","Reg","Lvl","AllPub","Inside","Gtl","OldTown","Norm","Norm","1Fam","2Story",6,8,1920,1993,"Gable","CompShg","VinylSd","VinylSd","None",0,"TA","Gd","BrkTil","TA","TA","No","Unf",0,"Unf",0,662,662,"GasA","Ex","Y","SBrkr",662,662,0,1324,0,1,1,0,3,1,"TA",6,"Typ",0,"No","Detchd","Unf",1,180,"TA","TA","Y",0,0,112,0,0,0,"No","GdPrv","No",0,2,2010,"WD ","Normal",122000,90
903454060,190,"RM",70,5600,"Pave","None","Reg","Lvl","AllPub","Inside","Gtl","IDOTRR","Norm","Norm","2fmCon","2Story",4,5,1930,1950,"Hip","CompShg","VinylSd","Wd Shng","None",0,"Fa","Fa","Slab","NB","NB","NB","NB",0,"NB",0,0,0,"GasA","Fa","N","SBrkr",372,720,0,1092,0,0,2,0,3,2,"Fa",7,"Mod",0,"No","No","No",0,0,"No","No","N",0,0,0,0,0,0,"No","No","Othr",3500,7,2010,"WD ","Normal",55000,0
903476030,190,"RM",76,7630,"Pave","None","Reg","Lvl","AllPub","Inside","Gtl","OldTown","Feedr","Norm","2fmCon","2Story",5,9,1900,1996,"Gable","CompShg","Wd Sdng","Wd Sdng","None",0,"TA","Gd","BrkTil","Gd","TA","No","Unf",0,"Unf",0,360,360,"GasA","Gd","Y","SBrkr",1032,780,0,1812,0,0,2,0,4,2,"Gd",8,"Typ",1,"Po","Detchd","Unf",2,672,"TA","TA","N",344,0,40,0,0,0,"No","MnPrv","No",0,5,2010,"WD ","Normal",140000,11
904352190,190,"RH",60,6048,"Pave","None","Reg","Lvl","AllPub","Corner","Gtl","SWISU","Artery","Norm","2fmCon","1.5Fin",5,7,1910,1950,"Gable","CompShg","Wd Sdng","Wd Sdng","None",0,"TA","Gd","BrkTil","TA","TA","Mn","LwQ",736,"Unf",0,120,856,"GasA","Gd","Y","SBrkr",936,744,0,1680,1,0,2,0,2,2,"TA",7,"Typ",1,"Gd","Detchd","Unf",2,450,"TA","Fa","P",56,144,0,0,0,0,"No","No","No",0,6,2010,"COD","Normal",114900,100
905101300,90,"RL",72,10773,"Pave","None","Reg","Lvl","AllPub","Inside","Gtl","Sawyer","Norm","Norm","Duplex","1Story",4,3,1967,1967,"Gable","Tar&Grv","Plywood","Plywood","BrkFace",72,"Fa","Fa","CBlock","TA","TA","No","ALQ",704,"Unf",0,1128,1832,"GasA","TA","N","SBrkr",1832,0,0,1832,2,0,2,0,4,2,"TA",8,"Typ",0,"No","No","No",0,0,"No","No","Y",0,58,0,0,0,0,"No","No","No",0,5,2010,"WD ","Normal",136000,0
905101310,90,"RL",72,10778,"Pave","None","Reg","Lvl","AllPub","Inside","Gtl","Sawyer","Norm","Norm","Duplex","1Story",4,5,1968,1968,"Hip","CompShg","HdBoard","HdBoard","None",0,"TA","TA","CBlock","TA","TA","No","Unf",0,"Unf",0,1768,1768,"GasA","TA","N","SBrkr",1768,0,0,1768,0,0,2,0,4,2,"TA",8,"Typ",0,"No","No","No",0,0,"No","No","Y",0,0,0,0,0,0,"No","No","No",0,4,2010,"WD ","Normal",136500,0
905105200,20,"RL",65,7800,"Pave","None","Reg","Lvl","AllPub","Inside","Gtl","Sawyer","Norm","Norm","1Fam","1Story",5,7,1966,2008,"Hip","CompShg","HdBoard","HdBoard","BrkFace",47,"TA","TA","CBlock","TA","TA","Mn","BLQ",240,"Rec",474,150,864,"GasA","Ex","Y","SBrkr",892,0,0,892,1,0,1,0,3,1,"Gd",5,"Typ",0,"No","Detchd","Unf",1,416,"TA","TA","Y",0,0,0,0,0,0,"No","No","No",0,6,2010,"WD ","Normal",137900,44
905107250,60,"RL",86,11227,"Pave","None","Reg","Lvl","AllPub","Inside","Gtl","Sawyer","Norm","Norm","1Fam","2Story",5,5,1968,1968,"Gable","CompShg","HdBoard","HdBoard","None",0,"TA","Gd","CBlock","TA","Gd","No","Rec",267,"ALQ",453,0,720,"GasA","Ex","Y","SBrkr",720,720,0,1440,0,0,1,1,4,1,"TA",7,"Typ",2,"TA","Attchd","Unf",2,480,"TA","TA","Y",192,38,0,0,0,0,"No","MnPrv","No",0,3,2010,"WD ","Normal",163000,42
905109130,60,"RL",80,14000,"Pave","None","Reg","Lvl","AllPub","Inside","Mod","ClearCr","Norm","Norm","1Fam","2Story",7,5,1996,1997,"Gable","CompShg","Wd Sdng","Wd Sdng","None",0,"Gd","TA","PConc","Ex","TA","Gd","GLQ",1201,"Unf",0,105,1306,"GasA","Ex","Y","SBrkr",1306,954,0,2260,1,0,2,1,3,1,"Gd",7,"Typ",0,"No","Attchd","RFn",2,533,"TA","TA","Y",296,44,0,0,0,0,"No","No","No",0,4,2010,"WD ","Normal",328000,14
905201030,30,"RL",94,9259,"Pave","None","Reg","Lvl","AllPub","Corner","Gtl","Sawyer","Feedr","Norm","1Fam","1Story",4,4,1927,1950,"Gable","CompShg","Wd Sdng","Wd Sdng","None",0,"TA","TA","BrkTil","Fa","TA","No","Unf",0,"Unf",0,660,660,"GasA","TA","N","SBrkr",756,0,0,756,0,0,1,0,2,1,"TA",4,"Typ",0,"No","Detchd","Unf",2,440,"TA","TA","N",80,0,0,0,0,0,"No","No","No",0,6,2010,"WD ","Normal",85000,65
905202090,20,"RL",60,9600,"Pave","None","Reg","Lvl","AllPub","Inside","Gtl","Sawyer","Norm","Norm","1Fam","1Story",4,7,1950,1995,"Gable","CompShg","VinylSd","HdBoard","None",0,"TA","TA","CBlock","Gd","TA","No","BLQ",442,"Unf",0,625,1067,"GasA","TA","Y","SBrkr",1067,0,0,1067,0,0,2,0,2,1,"Gd",4,"Min2",0,"No","Attchd","Unf",2,436,"TA","TA","Y",290,0,0,0,0,0,"No","No","No",0,2,2010,"WD ","Normal",128000,14
905378040,50,"RL",124,18600,"Pave","None","Reg","Lvl","AllPub","Inside","Gtl","Edwards","Norm","Norm","1Fam","1.5Fin",3,4,1938,1990,"Gable","CompShg","Wd Sdng","Wd Sdng","None",0,"TA","TA","CBlock","TA","TA","Mn","BLQ",288,"LwQ",684,0,972,"GasA","TA","Y","FuseA",1052,558,0,1610,0,1,2,0,4,1,"Fa",8,"Typ",1,"Gd","Attchd","RFn",1,480,"TA","TA","Y",0,0,60,0,0,0,"No","No","Shed",450,6,2010,"WD ","Normal",124000,72
906201030,60,"RL",77,9206,"Pave","None","Reg","Lvl","AllPub","Inside","Gtl","SawyerW","Norm","Norm","1Fam","2Story",6,5,1985,1985,"Gable","CompShg","HdBoard","HdBoard","BrkFace",336,"Gd","TA","CBlock","Gd","TA","No","Unf",0,"Unf",0,741,741,"GasA","TA","Y","SBrkr",977,755,0,1732,0,0,2,1,3,1,"Gd",7,"Typ",1,"TA","Attchd","Fin",2,476,"TA","TA","Y",192,46,0,0,0,0,"No","No","No",0,6,2010,"WD ","Normal",178000,25
906201120,20,"RL",83,11980,"Pave","None","Reg","Low","AllPub","Inside","Mod","SawyerW","Norm","Norm","1Fam","1Story",7,5,1987,1987,"Gable","CompShg","Plywood","Plywood","BrkFace",177,"Gd","TA","CBlock","Gd","TA","Gd","GLQ",1433,"Unf",0,0,1433,"GasA","Ex","Y","SBrkr",1433,0,0,1433,1,0,1,1,1,1,"Gd",4,"Typ",2,"TA","Attchd","RFn",2,528,"Gd","Gd","Y",0,278,0,0,266,0,"No","MnPrv","No",0,6,2010,"WD ","Normal",270000,23
906225210,85,"RL",73,9069,"Pave","None","Reg","Lvl","AllPub","Inside","Gtl","SawyerW","Norm","Norm","1Fam","SFoyer",6,6,1992,1992,"Gable","CompShg","HdBoard","HdBoard","None",0,"TA","TA","PConc","Gd","TA","Av","GLQ",747,"Unf",0,189,936,"GasA","Ex","Y","SBrkr",996,0,0,996,1,0,1,0,2,1,"Gd",5,"Typ",0,"No","Attchd","Unf",2,564,"TA","TA","Y",120,0,0,0,0,0,"No","No","No",0,4,2010,"WD ","Normal",147000,18
906385010,20,"RL",94,10402,"Pave","None","IR1","Lvl","AllPub","Corner","Gtl","CollgCr","Norm","Norm","1Fam","1Story",7,5,2009,2009,"Gable","CompShg","VinylSd","VinylSd","None",0,"TA","TA","PConc","Gd","TA","No","Unf",0,"Unf",0,1226,1226,"GasA","Ex","Y","SBrkr",1226,0,0,1226,0,0,2,0,3,1,"Gd",6,"Typ",0,"No","Attchd","RFn",3,740,"TA","TA","Y",0,36,0,0,0,0,"No","No","No",0,5,2010,"WD ","Normal",198900,1
906425045,50,"RL",82,14235,"Pave","None","IR1","Lvl","AllPub","Inside","Gtl","SawyerW","Norm","Norm","1Fam","1.5Fin",6,8,1900,1993,"Gable","CompShg","Wd Sdng","Plywood","None",0,"TA","TA","PConc","Fa","Gd","No","Unf",0,"Unf",0,676,676,"GasA","TA","Y","SBrkr",831,614,0,1445,0,0,2,0,3,1,"TA",6,"Typ",0,"No","Detchd","Unf",2,484,"TA","TA","N",0,59,0,0,0,0,"No","No","No",0,3,2010,"WD ","Normal",138500,53
907200280,20,"RL",38,15240,"Pave","None","IR1","Lvl","AllPub","FR2","Gtl","CollgCr","Norm","Norm","1Fam","1Story",5,8,1977,2004,"Gable","CompShg","CemntBd","CmentBd","None",0,"Gd","Gd","CBlock","Gd","TA","No","GLQ",198,"Rec",688,140,1026,"GasA","Ex","Y","SBrkr",1026,0,0,1026,1,0,1,1,3,1,"TA",5,"Typ",0,"No","Attchd","Unf",1,308,"TA","TA","Y",316,85,0,0,0,0,"No","MnPrv","No",0,6,2010,"WD ","Normal",150000,33
907200340,20,"RL",75,10650,"Pave","None","Reg","Lvl","AllPub","Corner","Gtl","CollgCr","Norm","Norm","1Fam","1Story",5,6,1976,1976,"Gable","CompShg","HdBoard","HdBoard","None",0,"TA","TA","CBlock","TA","Gd","Av","LwQ",182,"ALQ",712,0,894,"GasA","TA","Y","SBrkr",894,0,0,894,1,0,1,0,3,1,"TA",5,"Typ",0,"No","Attchd","Unf",1,308,"TA","TA","Y",365,0,0,0,0,0,"No","MnPrv","No",0,2,2010,"WD ","Normal",128200,34
907262050,60,"RL",44,9548,"Pave","None","IR1","Lvl","AllPub","CulDSac","Gtl","CollgCr","Norm","Norm","1Fam","2Story",7,6,2003,2003,"Gable","CompShg","VinylSd","VinylSd","BrkFace",223,"Gd","TA","PConc","Gd","TA","No","GLQ",483,"Unf",0,458,941,"GasA","Ex","Y","SBrkr",941,888,0,1829,1,0,2,1,3,1,"Gd",7,"Typ",1,"TA","Attchd","RFn",2,613,"TA","TA","Y",192,39,0,0,0,0,"No","No","No",0,1,2010,"WD ","Normal",237000,7
907280040,60,"RL",75,9375,"Pave","None","Reg","Lvl","AllPub","Inside","Gtl","CollgCr","Norm","Norm","1Fam","2Story",7,5,1997,1997,"Gable","CompShg","VinylSd","VinylSd","None",0,"Gd","TA","PConc","Gd","TA","No","Unf",0,"Unf",0,1040,1040,"GasA","Ex","Y","SBrkr",1044,1054,0,2098,0,0,2,1,4,1,"Gd",9,"Typ",1,"TA","Attchd","Fin",2,621,"TA","TA","Y",331,38,0,0,0,0,"No","No","No",0,4,2010,"WD ","Normal",240000,13
907401090,20,"RL",48,10635,"Pave","None","IR2","Lvl","AllPub","FR2","Gtl","CollgCr","Norm","Norm","1Fam","1Story",8,5,2003,2003,"Hip","CompShg","VinylSd","VinylSd","BrkFace",171,"Gd","TA","PConc","Gd","TA","Av","BLQ",370,"GLQ",972,315,1657,"GasA","Ex","Y","SBrkr",1668,0,0,1668,1,0,2,0,3,1,"Gd",8,"Typ",1,"TA","Attchd","Fin",2,502,"TA","TA","Y",0,262,0,0,0,0,"No","No","No",0,5,2010,"WD ","Normal",232000,7
907414030,20,"RL",65,8773,"Pave","None","Reg","Lvl","AllPub","FR2","Gtl","CollgCr","Norm","Norm","1Fam","1Story",7,5,2004,2004,"Gable","CompShg","VinylSd","VinylSd","BrkFace",98,"Gd","TA","PConc","Gd","TA","Av","GLQ",24,"Unf",0,1390,1414,"GasA","Ex","Y","SBrkr",1414,0,0,1414,0,0,2,0,3,1,"Gd",6,"Typ",0,"No","Attchd","RFn",2,494,"TA","TA","Y",132,105,0,0,0,0,"No","No","No",0,5,2010,"WD ","Normal",185500,6
908102130,90,"RL",75,9825,"Pave","None","Reg","Lvl","AllPub","Inside","Gtl","Edwards","Norm","Norm","Duplex","1Story",5,5,1965,1965,"Hip","CompShg","AsphShn","AsphShn","None",0,"TA","TA","CBlock","NB","NB","NB","NB",0,"NB",0,0,0,"GasA","TA","N","SBrkr",1664,0,0,1664,0,0,2,0,4,2,"TA",8,"Typ",0,"No","No","No",0,0,"No","No","Y",0,0,0,0,0,0,"No","No","No",0,5,2010,"WD ","Normal",100000,0
908102170,20,"RL",60,10044,"Pave","None","IR1","Low","AllPub","CulDSac","Gtl","Edwards","Norm","Norm","1Fam","1Story",5,6,1968,1968,"Gable","CompShg","MetalSd","MetalSd","None",0,"TA","TA","CBlock","Gd","TA","Gd","ALQ",1070,"Unf",0,126,1196,"GasA","TA","Y","SBrkr",1196,0,0,1196,1,0,1,0,3,1,"TA",6,"Typ",0,"No","Attchd","RFn",1,336,"TA","TA","Y",257,0,168,0,0,0,"No","MnPrv","No",0,6,2010,"WD ","Normal",144000,42
908102300,50,"RL",89,11792,"Pave","None","Reg","Lvl","AllPub","Inside","Gtl","Edwards","Norm","Norm","1Fam","1.5Fin",4,5,1948,1950,"Gable","CompShg","VinylSd","VinylSd","None",0,"TA","TA","CBlock","TA","TA","No","Unf",0,"Unf",0,744,744,"GasA","Ex","N","FuseF",792,328,0,1120,0,0,1,0,2,1,"Fa",5,"Typ",0,"No","Detchd","Unf",2,480,"TA","Fa","P",0,0,0,0,160,0,"No","No","No",0,6,2010,"WD ","Abnorml",64000,54
908103350,80,"RL",65,6305,"Pave","None","Reg","Lvl","AllPub","Inside","Gtl","Edwards","Norm","Norm","1Fam","SLvl",6,6,1975,1975,"Gable","CompShg","Plywood","Plywood","None",0,"TA","TA","CBlock","TA","TA","Av","ALQ",528,"Unf",0,480,1008,"GasA","TA","Y","SBrkr",1096,0,0,1096,1,0,1,0,3,1,"TA",5,"Typ",1,"Fa","Detchd","Unf",1,352,"TA","TA","Y",0,0,0,0,0,0,"No","No","No",0,6,2010,"WD ","Normal",125200,35
908203100,20,"RL",64,6410,"Pave","None","Reg","HLS","AllPub","Inside","Gtl","Edwards","Norm","Norm","1Fam","1Story",4,5,1958,1958,"Hip","CompShg","WdShing","Wd Shng","None",0,"TA","TA","CBlock","TA","TA","No","Unf",0,"Unf",0,960,960,"GasA","Ex","Y","SBrkr",960,0,0,960,0,0,1,0,3,1,"TA",5,"Typ",0,"No","No","No",0,0,"No","No","Y",0,0,0,0,0,0,"No","MnPrv","No",0,5,2010,"WD ","Normal",90000,0
908225320,50,"RL",52,8741,"Pave","None","Reg","Lvl","AllPub","Inside","Gtl","Edwards","Norm","Norm","1Fam","1.5Fin",6,4,1945,1950,"Gable","CompShg","VinylSd","VinylSd","None",0,"TA","TA","CBlock","TA","Fa","No","LwQ",94,"Unf",0,641,735,"GasA","TA","Y","FuseA",798,689,0,1487,0,0,1,1,3,1,"TA",7,"Typ",1,"Gd","Detchd","Unf",1,220,"TA","TA","Y",0,140,0,0,0,0,"No","MnPrv","No",0,4,2010,"WD ","Normal",113000,61
908275300,20,"RL",68,8562,"Pave","None","Reg","Lvl","AllPub","Inside","Mod","Edwards","Norm","Norm","1Fam","1Story",5,6,1957,2002,"Hip","CompShg","HdBoard","HdBoard","Stone",145,"TA","TA","CBlock","TA","TA","Av","Rec",383,"Unf",0,833,1216,"GasA","Ex","Y","FuseA",1526,0,0,1526,0,0,1,0,4,1,"TA",7,"Min2",1,"Gd","Basment","Unf",1,364,"TA","TA","Y",116,78,0,0,0,0,"No","No","No",0,5,2010,"WD ","Normal",144500,53
909100080,30,"RL",67,4853,"Pave","None","Reg","Bnk","AllPub","Inside","Gtl","SWISU","Artery","Norm","1Fam","1Story",5,6,1924,1999,"Gable","CompShg","MetalSd","VinylSd","BrkFace",203,"TA","TA","BrkTil","TA","TA","Mn","Rec",133,"Unf",0,974,1107,"GasA","Fa","N","FuseA",1296,0,0,1296,0,0,2,0,2,1,"Fa",5,"Typ",1,"Gd","Detchd","Unf",1,260,"TA","TA","Y",0,0,36,0,0,0,"No","MnPrv","No",0,5,2010,"WD ","Normal",104000,31
909101070,30,"RL",45,8212,"Pave","Grvl","Reg","Lvl","AllPub","Inside","Gtl","Edwards","Norm","Norm","1Fam","1Story",3,3,1914,1950,"Gable","CompShg","Stucco","Stucco","None",0,"TA","Fa","BrkTil","TA","Fa","No","Rec",203,"Unf",0,661,864,"GasA","TA","N","FuseF",864,0,0,864,1,0,1,0,2,1,"TA",5,"Typ",0,"No","Detchd","Unf",1,200,"TA","Fa","Y",0,0,96,0,0,0,"No","No","No",0,6,2010,"WD ","Normal",58500,72
909250060,50,"RL",50,9638,"Pave","None","Reg","Lvl","AllPub","Inside","Gtl","SWISU","Feedr","Norm","1Fam","1.5Fin",6,7,1919,1990,"Gable","CompShg","Wd Sdng","Wd Shng","None",0,"TA","TA","PConc","TA","TA","No","Unf",0,"Unf",0,804,804,"GasA","Ex","Y","SBrkr",1699,748,0,2447,0,0,2,0,4,1,"Gd",10,"Min2",1,"Gd","Detchd","Unf",1,336,"TA","TA","Y",272,0,42,0,116,0,"No","No","No",0,3,2010,"WD ","Normal",169000,41
909281080,50,"RL",78,10452,"Pave","None","IR1","Lvl","AllPub","Inside","Gtl","Crawfor","Norm","Norm","1Fam","1.5Fin",7,6,1941,1985,"Gable","CompShg","Wd Sdng","Wd Sdng","BrkFace",371,"Gd","Gd","BrkTil","Gd","TA","No","ALQ",426,"BLQ",252,850,1528,"GasA","Ex","Y","SBrkr",1225,908,0,2133,1,0,1,1,4,1,"TA",8,"Typ",2,"TA","Attchd","Unf",1,312,"TA","TA","Y",0,0,86,0,0,0,"No","No","No",0,7,2010,"WD ","Normal",257500,69
909428280,20,"RL",100,17500,"Pave","None","Reg","Lvl","AllPub","Inside","Gtl","Crawfor","PosA","Norm","1Fam","1Story",7,8,1959,2002,"Gable","CompShg","BrkFace","HdBoard","None",0,"Gd","Gd","PConc","Gd","TA","Av","GLQ",1406,"Unf",0,496,1902,"GasA","TA","Y","SBrkr",1902,0,0,1902,1,0,2,0,3,1,"Ex",7,"Typ",2,"TA","Attchd","Fin",2,567,"TA","TA","Y",0,207,162,0,0,0,"No","No","No",0,5,2010,"WD ","Normal",335000,51
909452114,80,"RL",85,19645,"Pave","None","IR1","Lvl","AllPub","FR2","Gtl","Crawfor","Norm","Norm","1Fam","SLvl",7,6,1994,2007,"Gable","CompShg","VinylSd","VinylSd","BrkFace",44,"TA","TA","PConc","Gd","TA","No","GLQ",343,"Unf",0,80,423,"GasA","Ex","Y","SBrkr",896,756,0,1652,1,0,2,1,3,1,"Gd",6,"Typ",0,"No","BuiltIn","RFn",2,473,"TA","TA","Y",0,0,0,0,0,0,"No","No","No",0,6,2010,"WD ","Normal",203135,16
909455040,120,"RM",35,3907,"Pave","None","IR1","HLS","AllPub","Inside","Mod","Blueste","Norm","Norm","TwnhsE","1Story",8,5,1989,1989,"Gable","CompShg","HdBoard","HdBoard","None",0,"Gd","TA","CBlock","Gd","TA","Av","GLQ",76,"Unf",0,1115,1191,"GasA","Gd","Y","SBrkr",1191,0,0,1191,0,0,2,0,2,1,"Gd",5,"Typ",1,"TA","Attchd","Unf",2,531,"TA","TA","Y",112,81,0,0,0,0,"No","No","No",0,3,2010,"WD ","Normal",162500,21
909475140,20,"RL",100,15602,"Pave","None","IR1","Lvl","AllPub","Inside","Gtl","Crawfor","Norm","Norm","1Fam","1Story",7,8,1959,1997,"Gable","CompShg","BrkFace","Wd Sdng","None",0,"TA","TA","CBlock","TA","TA","No","ALQ",1247,"Unf",0,254,1501,"GasA","TA","Y","SBrkr",1801,0,0,1801,1,0,2,0,1,1,"TA",6,"Typ",2,"TA","Attchd","Fin",2,484,"TA","TA","Y",0,54,0,0,161,0,"No","GdWo","No",0,3,2010,"WD ","Normal",289000,51
910203250,30,"RM",58,8154,"Pave","None","Reg","Lvl","AllPub","Inside","Gtl","IDOTRR","Norm","Norm","1Fam","1Story",2,5,1941,1950,"Gable","CompShg","Wd Sdng","Wd Sdng","None",0,"TA","TA","BrkTil","TA","TA","No","BLQ",480,"Unf",0,0,480,"GasA","TA","Y","SBrkr",540,0,0,540,0,0,1,0,1,1,"TA",4,"Typ",0,"No","Detchd","Unf",1,200,"Fa","Fa","N",0,0,0,0,0,0,"No","No","No",0,4,2010,"ConLw","Normal",82000,59
910205120,50,"RM",50,9140,"Pave","None","Reg","HLS","AllPub","Inside","Gtl","IDOTRR","Norm","Norm","1Fam","1.5Fin",6,5,1921,1975,"Gable","CompShg","Wd Sdng","Wd Sdng","None",0,"TA","TA","BrkTil","TA","TA","Mn","BLQ",308,"Unf",0,321,629,"GasA","Fa","Y","SBrkr",727,380,0,1107,0,0,1,0,2,1,"TA",5,"Typ",0,"No","Detchd","Unf",1,625,"TA","TA","Y",0,56,0,0,200,0,"No","MnPrv","No",0,4,2010,"COD","Normal",110000,60
911128180,50,"C (all)",60,7500,"Pave","None","Reg","Lvl","AllPub","Inside","Gtl","IDOTRR","Norm","Norm","1Fam","1.5Fin",4,4,1920,1950,"Gable","CompShg","MetalSd","MetalSd","None",0,"TA","Gd","CBlock","TA","TA","No","Unf",0,"Unf",0,698,698,"GasA","TA","Y","FuseA",698,430,0,1128,0,0,1,0,2,1,"TA",6,"Typ",0,"No","Detchd","RFn",2,528,"TA","TA","Y",30,0,164,0,0,0,"No","No","No",0,4,2010,"COD","Abnorml",68400,30
911204090,20,"C (all)",66,8712,"Grvl","None","Reg","Bnk","AllPub","Inside","Mod","IDOTRR","Norm","Norm","1Fam","1Story",5,5,1952,1952,"Hip","CompShg","Wd Sdng","Wd Sdng","None",0,"Fa","TA","CBlock","TA","TA","Av","Unf",0,"Unf",0,540,540,"GasA","TA","N","FuseA",1044,0,0,1044,0,0,1,0,2,1,"Fa",4,"Typ",0,"No","Basment","Unf",2,504,"TA","TA","N",0,0,0,0,0,0,"No","No","Shed",54,6,2010,"WD ","Alloca",55993,58
916386020,20,"RL",73,9803,"Pave","None","Reg","Lvl","AllPub","Inside","Gtl","Timber","Norm","Norm","1Fam","1Story",7,5,2009,2010,"Gable","CompShg","VinylSd","VinylSd","None",0,"Gd","TA","PConc","Gd","TA","No","Unf",0,"Unf",0,1214,1214,"GasA","Ex","Y","SBrkr",1214,0,0,1214,0,0,2,0,2,1,"Gd",6,"Typ",0,"No","Attchd","RFn",2,520,"TA","TA","Y",0,25,0,0,0,0,"No","No","No",0,1,2010,"New","Partial",179781,0
916386060,60,"RL",73,9802,"Pave","None","Reg","Lvl","AllPub","Inside","Gtl","Timber","Norm","Norm","1Fam","2Story",5,5,2006,2007,"Gable","CompShg","VinylSd","VinylSd","None",0,"TA","TA","PConc","Gd","TA","No","Unf",0,"Unf",0,384,384,"GasA","Gd","Y","SBrkr",744,700,0,1444,0,0,2,1,3,1,"TA",7,"Typ",0,"No","BuiltIn","Fin",2,400,"TA","TA","Y",100,0,0,0,0,0,"No","No","No",0,4,2010,"WD ","Normal",174000,3
916386090,60,"RL",92,12003,"Pave","None","Reg","Lvl","AllPub","Corner","Gtl","Timber","Norm","Norm","1Fam","2Story",8,5,2009,2010,"Gable","CompShg","VinylSd","VinylSd","BrkFace",84,"Gd","TA","PConc","Ex","TA","No","Unf",0,"Unf",0,774,774,"GasA","Ex","Y","SBrkr",774,1194,0,1968,0,0,2,1,4,1,"Ex",8,"Typ",1,"Gd","BuiltIn","Fin",3,680,"TA","TA","Y",0,75,0,0,0,0,"No","No","No",0,5,2010,"New","Partial",269500,1
916475110,60,"RL",85,14191,"Pave","None","Reg","Lvl","AllPub","Inside","Gtl","Timber","Norm","Norm","1Fam","2Story",8,5,2002,2002,"Gable","CompShg","VinylSd","VinylSd","None",0,"Gd","TA","PConc","Gd","TA","No","Unf",0,"Unf",0,967,967,"GasA","Ex","Y","SBrkr",993,915,0,1908,0,0,2,1,4,1,"Gd",9,"Typ",0,"No","Attchd","Fin",2,431,"TA","TA","Y",135,0,0,0,0,0,"No","No","No",0,4,2010,"WD ","Normal",202900,8
921128020,20,"RL",89,13214,"Pave","None","IR1","HLS","AllPub","Inside","Gtl","Timber","Norm","Norm","1Fam","1Story",9,5,2008,2009,"Hip","CompShg","Stucco","CmentBd","None",0,"Ex","TA","PConc","Ex","TA","Gd","Unf",0,"Unf",0,2002,2002,"GasA","Ex","Y","SBrkr",2018,0,0,2018,0,0,2,0,3,1,"Ex",10,"Typ",1,"Gd","Attchd","Fin",3,746,"TA","TA","Y",144,76,0,0,0,0,"No","No","No",0,5,2010,"WD ","Normal",378500,1
923201020,20,"RL",85,15300,"Pave","None","Reg","Bnk","AllPub","Inside","Gtl","Mitchel","Norm","Norm","1Fam","1Story",5,5,1965,1977,"Hip","CompShg","Plywood","HdBoard","None",0,"TA","TA","CBlock","TA","TA","No","Rec",42,"Unf",0,1026,1068,"GasA","TA","Y","SBrkr",1264,0,0,1264,1,0,1,0,2,1,"TA",7,"Typ",1,"TA","Attchd","Unf",2,528,"TA","TA","Y",0,0,0,0,0,0,"No","No","No",0,6,2010,"WD ","Normal",169000,45
923202105,20,"RL",93,10114,"Pave","None","Reg","Lvl","AllPub","Inside","Gtl","Mitchel","Norm","Norm","1Fam","1Story",5,5,2004,2005,"Gable","CompShg","VinylSd","VinylSd","None",0,"TA","TA","PConc","Ex","TA","Av","Unf",0,"Unf",0,1430,1430,"GasA","Ex","Y","SBrkr",1430,0,0,1430,0,0,2,0,3,1,"Gd",7,"Typ",0,"No","Attchd","RFn",2,624,"TA","TA","Y",0,0,0,0,0,0,"No","No","No",0,3,2010,"WD ","Normal",173500,6
923204150,90,"RL",94,9400,"Pave","None","Reg","Low","AllPub","Corner","Gtl","Mitchel","Norm","Norm","Duplex","2Story",6,5,1971,1971,"Mansard","CompShg","MetalSd","Wd Shng","None",0,"TA","TA","CBlock","TA","TA","Av","Unf",0,"Unf",0,912,912,"GasA","TA","Y","SBrkr",912,912,0,1824,0,0,2,2,4,2,"TA",8,"Typ",0,"No","No","No",0,0,"No","No","Y",128,0,0,0,0,0,"No","No","No",0,4,2010,"WD ","Normal",139000,0
923225440,160,"RM",36,2592,"Pave","None","Reg","Lvl","AllPub","Inside","Gtl","MeadowV","Norm","Norm","TwnhsE","2Story",5,3,1976,1976,"Gable","CompShg","CemntBd","CmentBd","None",0,"TA","TA","CBlock","Gd","TA","No","Rec",129,"BLQ",232,175,536,"GasA","TA","Y","SBrkr",536,576,0,1112,0,0,1,1,3,1,"TA",4,"Typ",0,"No","Attchd","Unf",1,336,"TA","TA","Y",182,0,0,0,0,0,"No","No","No",0,4,2010,"WD ","Normal",85000,34
923226250,160,"RM",21,1476,"Pave","None","Reg","Lvl","AllPub","Inside","Gtl","MeadowV","Norm","Norm","Twnhs","2Story",4,7,1970,1970,"Gable","CompShg","CemntBd","CmentBd","None",0,"TA","TA","CBlock","TA","TA","No","GLQ",176,"Unf",0,370,546,"GasA","Ex","Y","SBrkr",546,546,0,1092,0,0,1,1,3,1,"TA",5,"Typ",0,"No","No","No",0,0,"No","No","Y",200,26,0,0,0,0,"No","No","No",0,3,2010,"WD ","Normal",76000,0
923228270,160,"RM",21,1900,"Pave","None","Reg","Lvl","AllPub","Inside","Gtl","MeadowV","Norm","Norm","TwnhsE","2Story",4,4,1970,1970,"Gable","CompShg","CemntBd","CmentBd","None",0,"TA","TA","CBlock","TA","TA","No","Unf",0,"Unf",0,546,546,"GasA","Ex","Y","SBrkr",546,546,0,1092,0,0,1,1,3,1,"TA",5,"Typ",0,"No","No","No",0,0,"No","No","Y",0,0,0,0,0,0,"No","No","No",0,6,2010,"WD ","Normal",88250,0
923230190,20,"RL",50,6953,"Pave","None","Reg","Lvl","AllPub","Inside","Gtl","Mitchel","Norm","Norm","1Fam","1Story",5,7,1971,2004,"Gable","CompShg","VinylSd","VinylSd","None",0,"TA","Gd","CBlock","TA","TA","No","ALQ",469,"Unf",0,395,864,"GasA","Ex","Y","SBrkr",874,0,0,874,0,0,1,0,3,1,"TA",5,"Typ",0,"No","Detchd","Unf",1,352,"TA","TA","Y",0,0,0,0,0,0,"No","No","No",0,6,2010,"ConLD","Normal",130000,39
923276030,20,"RL",76,12887,"Pave","None","Reg","Lvl","AllPub","Inside","Gtl","Mitchel","Norm","Norm","1Fam","1Story",5,7,1984,1984,"Gable","CompShg","VinylSd","VinylSd","None",0,"TA","TA","CBlock","Gd","TA","Mn","Rec",207,"GLQ",590,36,833,"GasA","TA","Y","SBrkr",833,0,0,833,1,0,1,0,2,1,"Gd",5,"Typ",0,"No","Attchd","Unf",2,495,"TA","TA","Y",431,0,0,0,0,0,"No","MnPrv","No",0,4,2010,"WD ","Normal",149900,26
923276250,90,"RL",70,7700,"Pave","None","Reg","Lvl","AllPub","Inside","Gtl","Mitchel","Norm","Norm","Duplex","2Story",5,2,1985,1986,"Gable","CompShg","HdBoard","HdBoard","None",0,"TA","Po","PConc","TA","TA","No","Unf",0,"Unf",0,1216,1216,"GasA","Gd","Y","SBrkr",1216,1216,0,2432,0,0,4,2,4,2,"TA",10,"Typ",0,"No","Attchd","Unf",2,616,"TA","Fa","Y",200,0,0,0,0,0,"No","No","Shed",600,2,2010,"WD ","Normal",159000,25
924100050,50,"RL",68,10544,"Pave","None","IR1","Lvl","AllPub","Inside","Mod","Mitchel","Norm","Norm","1Fam","1.5Fin",5,5,1969,1969,"Gable","CompShg","HdBoard","HdBoard","None",0,"TA","TA","CBlock","TA","TA","Av","BLQ",476,"Unf",0,388,864,"GasA","TA","Y","SBrkr",864,615,0,1479,0,0,2,0,5,1,"TA",8,"Typ",0,"No","Attchd","Fin",1,275,"TA","TA","Y",287,0,280,0,0,0,"No","No","No",0,4,2010,"WD ","Normal",161000,41
924151040,20,"RL",76,9892,"Pave","None","Reg","Lvl","AllPub","Inside","Mod","Mitchel","Norm","Norm","1Fam","1Story",8,5,1994,1995,"Hip","CompShg","VinylSd","VinylSd","None",0,"Gd","Gd","PConc","Gd","Gd","Gd","GLQ",1341,"LwQ",284,54,1679,"GasA","Ex","Y","SBrkr",1803,0,0,1803,1,1,2,1,3,1,"Gd",6,"Typ",2,"TA","Attchd","Unf",2,482,"TA","TA","Y",129,64,222,0,0,0,"No","GdWo","No",0,2,2010,"WD ","Normal",285000,16
924152030,60,"RL",74,12961,"Pave","None","Reg","Lvl","AllPub","Inside","Gtl","Mitchel","Norm","Norm","1Fam","2Story",6,5,1993,1994,"Gable","CompShg","VinylSd","VinylSd","None",0,"Gd","Gd","PConc","Gd","TA","Mn","GLQ",944,"Unf",0,208,1152,"GasA","Ex","Y","SBrkr",1152,645,0,1797,1,0,2,1,3,1,"Gd",7,"Typ",1,"Fa","Attchd","Fin",2,616,"TA","TA","Y",162,312,0,0,0,0,"No","No","No",0,3,2010,"WD ","Normal",231000,17
